id,prefix,previous_name,label,label_source,label_ontology,obsolete_term,matched,current_category,suggested_category
MONDO:0000358,MONDO,MONDO:0000358,orofacial cleft,mondo_release,mondo,,True,biolink:Disease,
MONDO:0005420,MONDO,EFO:0004705,hypothyroidism,mondo_release,mondo,,True,biolink:Disease,
MONDO:0005348,MONDO,EFO:0004212,keloid,mondo_release,mondo,,True,biolink:Disease,
MONDO:0009239,MONDO,Orphanet:52901,hypogonadotropic hypogonadism 24 without anosmia,mondo_release,mondo,,True,biolink:Disease,
MONDO:0005058,MONDO,EFO:0000564,leiomyosarcoma,mondo_release,mondo,,True,biolink:Disease,
MONDO:0010121,MONDO,MONDO:0010121,thrombocytopenia-absent radius syndrome,mondo_release,mondo,,True,biolink:Disease,
MONDO:0002108,MONDO,MONDO:0002108,thyroid cancer,mondo_release,mondo,,True,biolink:Disease,
MONDO:0010434,MONDO,EFO:0001376,synovial sarcoma,mondo_release,mondo,,True,biolink:Disease,
MONDO:0040679,MONDO,EFO:0008528,urothelial carcinoma,mondo_release,mondo,,True,biolink:Disease,
MONDO:0008523,MONDO,MONDO:0008523,Blau syndrome,mondo_release,mondo,,True,biolink:Disease,
MONDO:0010891,MONDO,MONDO:0010891,lethal hemolytic anemia-genital anomalies syndrome,mondo_release,mondo,,True,biolink:Disease,
MONDO:0020310,MONDO,MONDO:0020310,familial focal epilepsy with variable foci,mondo_release,mondo,,True,biolink:Disease,
MONDO:0024883,MONDO,EFO:0009709,metastatic neoplasm,mondo_release,mondo,,True,biolink:Disease,
MONDO:0004483,MONDO,MONDO:0004483,thyroid gland oncocytic adenoma,mondo_release,mondo,,True,biolink:Disease,
MONDO:0005275,MONDO,EFO:0003818,lung disorder,mondo_release,mondo,,True,biolink:Disease,
MONDO:0005113,MONDO,EFO:0000771,bacterial infectious disease,mondo_release,mondo,,True,biolink:Disease,
MONDO:0005044,MONDO,EFO:0000537,hypertensive disorder,mondo_release,mondo,,True,biolink:Disease,
MONDO:0014248,MONDO,MONDO:0014248,autism spectrum disorder - epilepsy - arthrogryposis syndrome,mondo_release,mondo,,True,biolink:Disease,
MONDO:0005265,MONDO,EFO:0003767,inflammatory bowel disease,mondo_release,mondo,,True,biolink:Disease,
MONDO:0005015,MONDO,EFO:0000400,diabetes mellitus,mondo_release,mondo,,True,biolink:Disease,
MONDO:0011142,MONDO,MONDO:0011142,"Ehlers-Danlos syndrome, musculocontractural type",mondo_release,mondo,,True,biolink:Disease,
MONDO:0008170,MONDO,MONDO:0008170,ovarian cancer,mondo_release,mondo,,True,biolink:Disease,
MONDO:0019018,MONDO,EFO:1002000,Tako-tsubo cardiomyopathy,mondo_release,mondo,,True,biolink:Disease,
MONDO:0004992,MONDO,MONDO:0004992,cancer,mondo_release,mondo,,True,biolink:Disease,
MONDO:0021201,MONDO,MONDO:0021201,skin infection,mondo_release,mondo,,True,biolink:Disease,
MONDO:0005258,MONDO,EFO:0003756,autism spectrum disorder,mondo_release,mondo,,True,biolink:Disease,
MONDO:0010356,MONDO,MONDO:0010356,nephrogenic syndrome of inappropriate antidiuresis,mondo_release,mondo,,True,biolink:Disease,
MONDO:0008280,MONDO,MONDO:0008280,Peutz-Jeghers syndrome,mondo_release,mondo,,True,biolink:Disease,
MONDO:0005271,MONDO,MONDO:0005271,allergic disease,mondo_release,mondo,,True,biolink:Disease,
MONDO:0021681,MONDO,MONDO:0021681,sexually transmitted disease,mondo_release,mondo,,True,biolink:Disease,
MONDO:0005342,MONDO,EFO:0004194,IgA glomerulonephritis,mondo_release,mondo,,True,biolink:Disease,
MONDO:0005335,MONDO,EFO:0004142,colorectal neoplasm,mondo_release,mondo,,True,biolink:Disease,
MONDO:0005016,MONDO,EFO:0000401,diabetic kidney disease,mondo_release,mondo,,True,biolink:Disease,
MONDO:0017885,MONDO,EFO:0000335,chromophobe renal cell carcinoma,mondo_release,mondo,,True,biolink:Disease,
MONDO:0010720,MONDO,MONDO:0010720,partial androgen insensitivity syndrome,mondo_release,mondo,,True,biolink:Disease,
MONDO:0004986,MONDO,MONDO:0004986,urinary bladder carcinoma,mondo_release,mondo,,True,biolink:Disease,
MONDO:0007147,MONDO,EFO:0003918,obstructive sleep apnea syndrome,mondo_release,mondo,,True,biolink:Disease,
MONDO:0019306,MONDO,MONDO:0019306,congenital non-bullous ichthyosiform erythroderma,mondo_release,mondo,,True,biolink:Disease,
MONDO:0005369,MONDO,EFO:0004243,carcinoid tumor,mondo_release,mondo,,True,biolink:Disease,
MONDO:0005960,MONDO,EFO:0007485,silicosis,mondo_release,mondo,,True,biolink:Disease,
MONDO:0011382,MONDO,MONDO:0011382,sickle cell disease,mondo_release,mondo,,True,biolink:Disease,
MONDO:0044721,MONDO,MONDO:0044721,severe combined immunodeficiency due to LAT deficiency,mondo_release,mondo,,True,biolink:Disease,
MONDO:0007355,MONDO,Orphanet:1473,uveal coloboma-cleft lip and palate-intellectual disability,mondo_release,mondo,,True,biolink:Disease,
MONDO:0005155,MONDO,EFO:0001422,cirrhosis of liver,mondo_release,mondo,,True,biolink:Disease,
MONDO:0008315,MONDO,MONDO:0008315,prostate cancer,mondo_release,mondo,,True,biolink:Disease,
MONDO:0011603,MONDO,Orphanet:602,GNE myopathy,mondo_release,mondo,,True,biolink:Disease,
MONDO:0024477,MONDO,MONDO:0024477,liver and intrahepatic bile duct neoplasm,mondo_release,mondo,,True,biolink:Disease,
MONDO:0018078,MONDO,EFO:1001968,soft tissue sarcoma,mondo_release,mondo,,True,biolink:Disease,
MONDO:0006026,MONDO,EFO:1000018,urinary bladder disorder,mondo_release,mondo,,True,biolink:Disease,
MONDO:0005347,MONDO,EFO:0004211,hypertriglyceridemia,mondo_release,mondo,,True,biolink:Disease,
MONDO:0005814,MONDO,EFO:0007330,intestinal cancer,mondo_release,mondo,,True,biolink:Disease,
MONDO:0001085,MONDO,MONDO:0001085,interstitial nephritis,mondo_release,mondo,,True,biolink:Disease,
MONDO:0005037,MONDO,EFO:0000504,gastric intestinal type adenocarcinoma,mondo_release,mondo,,True,biolink:Disease,
MONDO:0009724,MONDO,MONDO:0009724,nail-patella-like renal disease,mondo_release,mondo,,True,biolink:Disease,
MONDO:0010015,MONDO,MONDO:0010015,anterior segment dysgenesis 7,mondo_release,mondo,,True,biolink:Disease,
MONDO:0009061,MONDO,MONDO:0009061,cystic fibrosis,mondo_release,mondo,,True,biolink:Disease,
MONDO:0016064,MONDO,MONDO:0016064,cleft palate,mondo_release,mondo,,True,biolink:Disease,
MONDO:0957594,MONDO,MONDO:0957594,spermatogenic failure 87,mondo_release,mondo,,True,biolink:Disease,
MONDO:0005311,MONDO,EFO:0003914,atherosclerosis,mondo_release,mondo,,True,biolink:Disease,
MONDO:0021156,MONDO,MONDO:0021156,hypophysitis,mondo_release,mondo,,True,biolink:Disease,
MONDO:0013588,MONDO,MONDO:0013588,Perrault syndrome 3,mondo_release,mondo,,True,biolink:Disease,
MONDO:0017795,MONDO,MONDO:0017795,ameloblastoma,mondo_release,mondo,,True,biolink:Disease,
MONDO:0005061,MONDO,EFO:0000571,lung adenocarcinoma,mondo_release,mondo,,True,biolink:Disease,
MONDO:0010383,MONDO,MONDO:0010383,fragile X syndrome,mondo_release,mondo,,True,biolink:Disease,
MONDO:0005100,MONDO,EFO:0000717,systemic sclerosis,mondo_release,mondo,,True,biolink:Disease,
MONDO:0032845,MONDO,MONDO:0032845,spermatogenic failure 39,mondo_release,mondo,,True,biolink:Disease,
MONDO:0006660,MONDO,EFO:1000821,arthus reaction,mondo_release,mondo,,True,biolink:Disease,
MONDO:0008006,MONDO,MONDO:0008006,Mobius syndrome,mondo_release,mondo,,True,biolink:Disease,
MONDO:0007803,MONDO,EFO:1001050,multiple system atrophy,mondo_release,mondo,,True,biolink:Disease,
MONDO:0005008,MONDO,EFO:0000365,colorectal adenocarcinoma,mondo_release,mondo,,True,biolink:Disease,
MONDO:0005615,MONDO,EFO:0006738,plasmacytoma,mondo_release,mondo,,True,biolink:Disease,
MONDO:0009692,MONDO,EFO:0002430,primary myelofibrosis,mondo_release,mondo,,True,biolink:Disease,
MONDO:0018510,MONDO,EFO:1001928,small intestine neuroendocrine neoplasm,mondo_release,mondo,,True,biolink:Disease,
MONDO:0004972,MONDO,EFO:0000232,adenoma,mondo_release,mondo,,True,biolink:Disease,
MONDO:0020325,MONDO,EFO:0003032,anaplastic large cell lymphoma,mondo_release,mondo,,True,biolink:Disease,
MONDO:0002728,MONDO,EFO:0005701,rhabdoid tumor,mondo_release,mondo,,True,biolink:Disease,
MONDO:0700044,MONDO,MONDO:0700044,,mondo_release,mondo,,False,biolink:Disease,
MONDO:0009691,MONDO,EFO:1001051,mycosis fungoides,mondo_release,mondo,,True,biolink:Disease,
MONDO:0019496,MONDO,EFO:1001901,neuroendocrine neoplasm,mondo_release,mondo,,True,biolink:Disease,
MONDO:0005611,MONDO,EFO:0006544,bladder transitional cell carcinoma,mondo_release,mondo,,True,biolink:Disease,
MONDO:0004286,MONDO,MONDO:0004286,pancreatic intraductal papillary-mucinous neoplasm,mondo_release,mondo,,True,biolink:Disease,
MONDO:0016780,MONDO,MONDO:0016780,paternal 14q32.2 microdeletion syndrome,mondo_release,mondo,,True,biolink:Disease,
MONDO:0021148,MONDO,MONDO:0021148,female reproductive system neoplasm,mondo_release,mondo,,True,biolink:Disease,
MONDO:0002334,MONDO,MONDO:0002334,hematopoietic and lymphoid system neoplasm,mondo_release,mondo,,True,biolink:Disease,
MONDO:0013934,MONDO,MONDO:0013934,combined immunodeficiency due to STK4 deficiency,mondo_release,mondo,,True,biolink:Disease,
MONDO:0002974,MONDO,MONDO:0002974,cervical cancer,mondo_release,mondo,,True,biolink:Disease,
MONDO:0009216,MONDO,MONDO:0009216,glycogen storage disease due to GLUT2 deficiency,mondo_release,mondo,,True,biolink:Disease,
MONDO:0017361,MONDO,EFO:0007218,congenital rubella syndrome,mondo_release,mondo,,True,biolink:Disease,
MONDO:0007959,MONDO,EFO:0002939,medulloblastoma,mondo_release,mondo,,True,biolink:Disease,
MONDO:0005048,MONDO,EFO:0000549,pancreatic insulin-producing neuroendocrine tumor,mondo_release,mondo,,True,biolink:Disease,
MONDO:0007254,MONDO,MONDO:0007254,breast cancer,mondo_release,mondo,,True,biolink:Disease,
MONDO:0023161,MONDO,MONDO:0023161,viral myocarditis,mondo_release,mondo,,True,biolink:Disease,
MONDO:0004643,MONDO,MONDO:0004643,myeloid leukemia,mondo_release,mondo,,True,biolink:Disease,
MONDO:0018630,MONDO,MONDO:0018630,hereditary nonpolyposis colon cancer,mondo_release,mondo,,True,biolink:Disease,
MONDO:0005488,MONDO,EFO:0005423,adolescent idiopathic scoliosis,mondo_release,mondo,,True,biolink:Disease,
MONDO:0008733,MONDO,MONDO:0008733,familial glucocorticoid deficiency,mondo_release,mondo,,True,biolink:Disease,
MONDO:0007471,MONDO,Orphanet:75376,Doyne honeycomb retinal dystrophy,mondo_release,mondo,,True,biolink:Disease,
MONDO:0006130,MONDO,EFO:1000158,central nervous system neoplasm,mondo_release,mondo,,True,biolink:Disease,
MONDO:0002691,MONDO,MONDO:0002691,liver cancer,mondo_release,mondo,,True,biolink:Disease,
MONDO:0002207,MONDO,MONDO:0002207,vulval Paget disease,mondo_release,mondo,,True,biolink:Disease,
MONDO:0005041,MONDO,MONDO:0005041,glaucoma,mondo_release,mondo,,True,biolink:Disease,
MONDO:0019434,MONDO,EFO:1001999,systemic-onset juvenile idiopathic arthritis,mondo_release,mondo,,True,biolink:Disease,
MONDO:0007496,MONDO,MONDO:0007496,dystonia 12,mondo_release,mondo,,True,biolink:Disease,
MONDO:0007809,MONDO,MONDO:0007809,"ichthyosis histrix, Lambert type",mondo_release,mondo,,True,biolink:Disease,
MONDO:0019722,MONDO,EFO:1002049,glomerular disorder,mondo_release,mondo,,True,biolink:Disease,
MONDO:0011841,MONDO,Orphanet:199348,biotin-responsive basal ganglia disease,mondo_release,mondo,,True,biolink:Disease,
MONDO:0021251,MONDO,MONDO:0021251,endometrium neoplasm,mondo_release,mondo,,True,biolink:Disease,
MONDO:0006909,MONDO,EFO:1001109,pituitary dwarfism,mondo_release,mondo,,True,biolink:Disease,
MONDO:0005139,MONDO,EFO:0001074,morbid obesity,mondo_release,mondo,,True,biolink:Disease,
MONDO:0018875,MONDO,MONDO:0018875,Li-Fraumeni syndrome,mondo_release,mondo,,True,biolink:Disease,
MONDO:0016218,MONDO,EFO:0007292,Guillain-Barre syndrome,mondo_release,mondo,,True,biolink:Disease,
MONDO:0000190,MONDO,EFO:0004287,ventricular fibrillation,mondo_release,mondo,,True,biolink:Disease,
MONDO:0003783,MONDO,MONDO:0003783,lymphopenia,mondo_release,mondo,,True,biolink:Disease,
MONDO:0005105,MONDO,EFO:0000756,melanoma,mondo_release,mondo,,True,biolink:Disease,
MONDO:0014048,MONDO,MONDO:0014048,Cowden syndrome 6,mondo_release,mondo,,True,biolink:Disease,
MONDO:0016642,MONDO,MONDO:0016642,meningioma,mondo_release,mondo,,True,biolink:Disease,
MONDO:0005575,MONDO,MONDO:0005575,colorectal cancer,mondo_release,mondo,,True,biolink:Disease,
MONDO:0015674,MONDO,MONDO:0015674,late infantile neuronal ceroid lipofuscinosis,mondo_release,mondo,,True,biolink:Disease,
MONDO:0015459,MONDO,MONDO:0015459,nasopharyngeal carcinoma,mondo_release,mondo,,True,biolink:Disease,
MONDO:0005140,MONDO,EFO:0001075,ovarian carcinoma,mondo_release,mondo,,True,biolink:Disease,
MONDO:0019506,MONDO,Orphanet:88643,obesity-colitis-hypothyroidism-cardiac hypertrophy-developmental delay syndrome,mondo_release,mondo,,True,biolink:Disease,
MONDO:0009629,MONDO,MONDO:0009629,Desbuquois dysplasia 1,mondo_release,mondo,,True,biolink:Disease,
MONDO:0005459,MONDO,EFO:0005225,human African trypanosomiasis,mondo_release,mondo,,True,biolink:Disease,
MONDO:0015254,MONDO,EFO:1001475,schistosomiasis,mondo_release,mondo,,True,biolink:Disease,
MONDO:0005485,MONDO,EFO:0005407,psychotic disorder,mondo_release,mondo,,True,biolink:Disease,
MONDO:0008921,MONDO,MONDO:0008921,carnosinemia,mondo_release,mondo,,True,biolink:Disease,
MONDO:0009446,MONDO,Orphanet:2278,ichthyosis-intellectual disability-dwarfism-renal impairment syndrome,mondo_release,mondo,,True,biolink:Disease,
MONDO:0005532,MONDO,EFO:0005622,Crohn's colitis,mondo_release,mondo,,True,biolink:Disease,
MONDO:0018899,MONDO,MONDO:0018899,posterior cortical atrophy,mondo_release,mondo,,True,biolink:Disease,
MONDO:0012725,MONDO,MONDO:0012725,lipoprotein glomerulopathy,mondo_release,mondo,,True,biolink:Disease,
MONDO:0005161,MONDO,EFO:0001668,human papilloma virus infection,mondo_release,mondo,,True,biolink:Disease,
MONDO:0018874,MONDO,EFO:0000222,acute myeloid leukemia,mondo_release,mondo,,True,biolink:Disease,
MONDO:0005005,MONDO,EFO:0000349,clear cell renal carcinoma,mondo_release,mondo,,True,biolink:Disease,
MONDO:0007152,MONDO,MONDO:0007152,arrhythmogenic right ventricular dysplasia 1,mondo_release,mondo,,True,biolink:Disease,
MONDO:0005111,MONDO,EFO:0000769,Epstein-Barr virus infection,mondo_release,mondo,,True,biolink:Disease,
MONDO:0005288,MONDO,EFO:0003855,intestinal polyp,mondo_release,mondo,,True,biolink:Disease,
MONDO:0008608,MONDO,EFO:0001064,Down syndrome,mondo_release,mondo,,True,biolink:Disease,
MONDO:0002257,MONDO,MONDO:0002257,ankylosis,mondo_release,mondo,,True,biolink:Disease,
MONDO:0018876,MONDO,EFO:1001469,mantle cell lymphoma,mondo_release,mondo,,True,biolink:Disease,
MONDO:0018815,MONDO,EFO:1001760,aneurysmal bone cyst,mondo_release,mondo,,True,biolink:Disease,
MONDO:0016700,MONDO,MONDO:0016700,anaplastic ependymoma,mondo_release,mondo,,True,biolink:Disease,
MONDO:0003847,MONDO,EFO:0000508,hereditary disease,mondo_release,mondo,,True,biolink:Disease,
MONDO:0005328,MONDO,EFO:0003966,eye disorder,mondo_release,mondo,,True,biolink:Disease,
MONDO:0010788,MONDO,MONDO:0010788,Leber hereditary optic neuropathy,mondo_release,mondo,,True,biolink:Disease,
MONDO:0033262,MONDO,MONDO:0033262,nephrotic syndrome 15,mondo_release,mondo,,True,biolink:Disease,
MONDO:0020761,MONDO,MONDO:0020761,Bowen disease of the skin,mondo_release,mondo,,True,biolink:Disease,
MONDO:0045063,MONDO,MONDO:0045063,major salivary gland adenoid cystic carcinoma,mondo_release,mondo,,True,biolink:Disease,
MONDO:0005438,MONDO,EFO:0004906,metastatic malignant neoplasm in the lymph nodes,mondo_release,mondo,,True,biolink:Disease,
MONDO:0008411,MONDO,MONDO:0008411,ulnar-mammary syndrome,mondo_release,mondo,,True,biolink:Disease,
MONDO:0000525,MONDO,EFO:1000155,cecum villous adenoma,mondo_release,mondo,,True,biolink:Disease,
MONDO:0042491,MONDO,MONDO:0042491,cervical squamous intraepithelial neoplasia,mondo_release,mondo,,True,biolink:Disease,
MONDO:0012675,MONDO,MONDO:0012675,corticosteroid-binding globulin deficiency,mondo_release,mondo,,True,biolink:Disease,
MONDO:0012819,MONDO,EFO:1000897,diabetic ketoacidosis,mondo_release,mondo,,True,biolink:Disease,
MONDO:0004892,MONDO,MONDO:0004892,refractive error,mondo_release,mondo,,True,biolink:Disease,
MONDO:0016761,MONDO,MONDO:0016761,spondyloepiphyseal dysplasia,mondo_release,mondo,,True,biolink:Disease,
MONDO:0014810,MONDO,MONDO:0014810,pancytopenia due to IKZF1 mutations,mondo_release,mondo,,True,biolink:Disease,
MONDO:0008383,MONDO,EFO:0000685,rheumatoid arthritis,mondo_release,mondo,,True,biolink:Disease,
MONDO:0003036,MONDO,MONDO:0003036,mucoepidermoid carcinoma,mondo_release,mondo,,True,biolink:Disease,
MONDO:0002898,MONDO,MONDO:0002898,skin cancer,mondo_release,mondo,,True,biolink:Disease,
MONDO:0005580,MONDO,EFO:0005922,esophageal squamous cell carcinoma,mondo_release,mondo,,True,biolink:Disease,
MONDO:0004849,MONDO,EFO:0000464,pulmonary emphysema,mondo_release,mondo,,True,biolink:Disease,
MONDO:0007027,MONDO,EFO:1001249,metabolic dysfunction-associated steatohepatitis,mondo_release,mondo,,True,biolink:Disease,
MONDO:0005146,MONDO,EFO:0001358,post-traumatic stress disorder,mondo_release,mondo,,True,biolink:Disease,
MONDO:0018177,MONDO,EFO:0000519,glioblastoma,mondo_release,mondo,,True,biolink:Disease,
MONDO:0100010,MONDO,EFO:1001434,disease of the tendon,mondo_release,mondo,,True,biolink:Disease,
MONDO:0005083,MONDO,EFO:0000676,psoriasis,mondo_release,mondo,,True,biolink:Disease,
MONDO:0005108,MONDO,EFO:0000763,viral infectious disease,mondo_release,mondo,,True,biolink:Disease,
MONDO:0008233,MONDO,MONDO:0008233,pheochromocytoma,mondo_release,mondo,,True,biolink:Disease,
MONDO:0009830,MONDO,MONDO:0009830,parkinsonian-pyramidal syndrome,mondo_release,mondo,,True,biolink:Disease,
MONDO:0017967,MONDO,MONDO:0017967,testicular agenesis,mondo_release,mondo,,True,biolink:Disease,
MONDO:0004995,MONDO,EFO:0000319,cardiovascular disorder,mondo_release,mondo,,True,biolink:Disease,
MONDO:0019524,MONDO,MONDO:0019524,Bartter syndrome type 4,mondo_release,mondo,,True,biolink:Disease,
MONDO:0005306,MONDO,EFO:0003898,ankylosing spondylitis,mondo_release,mondo,,True,biolink:Disease,
MONDO:0007681,MONDO,Orphanet:276399,"goiter, multinodular 1, with or without Sertoli-Leydig cell tumors",mondo_release,mondo,,True,biolink:Disease,
MONDO:0020546,MONDO,MONDO:0020546,acute graft versus host disease,mondo_release,mondo,,True,biolink:Disease,
MONDO:0006170,MONDO,EFO:1000203,conjunctival disorder,mondo_release,mondo,,True,biolink:Disease,
MONDO:0019402,MONDO,MONDO:0019402,beta thalassemia,mondo_release,mondo,,True,biolink:Disease,
MONDO:0010463,MONDO,MONDO:0010463,"X-linked dominant chondrodysplasia, Chassaing-Lacombe type",mondo_release,mondo,,True,biolink:Disease,
MONDO:0005559,MONDO,EFO:0005772,neurodegenerative disease,mondo_release,mondo,,True,biolink:Disease,
MONDO:0005147,MONDO,MONDO:0005147,type 1 diabetes mellitus,mondo_release,mondo,,True,biolink:Disease,
MONDO:0007700,MONDO,MONDO:0007700,hawkinsinuria,mondo_release,mondo,,True,biolink:Disease,
MONDO:0015484,MONDO,EFO:0007231,cysticercosis,mondo_release,mondo,,True,biolink:Disease,
MONDO:0006192,MONDO,EFO:1000233,endometrial endometrioid adenocarcinoma,mondo_release,mondo,,True,biolink:Disease,
MONDO:0006639,MONDO,EFO:1000796,adrenal cortex carcinoma,mondo_release,mondo,,True,biolink:Disease,
MONDO:0011996,MONDO,EFO:0000339,chronic myeloid leukemia,mondo_release,mondo,,True,biolink:Disease,
MONDO:0005148,MONDO,MONDO:0005148,type 2 diabetes mellitus,mondo_release,mondo,,True,biolink:Disease,
MONDO:0017991,MONDO,EFO:1001857,Takayasu arteritis,mondo_release,mondo,,True,biolink:Disease,
MONDO:0013209,MONDO,EFO:0003095,metabolic dysfunction-associated steatotic liver disease,mondo_release,mondo,,True,biolink:Disease,
MONDO:0011456,MONDO,MONDO:0011456,nephronophthisis 3,mondo_release,mondo,,True,biolink:Disease,
MONDO:0003916,MONDO,MONDO:0003916,overnutrition,mondo_release,mondo,,True,biolink:Disease,
MONDO:0015701,MONDO,MONDO:0015701,T-B+ severe combined immunodeficiency due to IL-7Ralpha deficiency,mondo_release,mondo,,True,biolink:Disease,
MONDO:0004580,MONDO,MONDO:0004580,retinal degeneration,mondo_release,mondo,,True,biolink:Disease,
MONDO:0004993,MONDO,EFO:0000313,carcinoma,mondo_release,mondo,,True,biolink:Disease,
MONDO:0016107,MONDO,MONDO:0016107,myotonic dystrophy,mondo_release,mondo,,True,biolink:Disease,
MONDO:0005642,MONDO,EFO:0007141,atopic conjunctivitis,mondo_release,mondo,,True,biolink:Disease,
MONDO:0100574,MONDO,MONDO:0100574,generalized epilepsy,mondo_release,mondo,,True,biolink:Disease,
MONDO:0005023,MONDO,EFO:0000432,ductal breast carcinoma in situ,mondo_release,mondo,,True,biolink:Disease,
MONDO:0005595,MONDO,EFO:0006352,laryngeal squamous cell carcinoma,mondo_release,mondo,,True,biolink:Disease,
MONDO:0006047,MONDO,EFO:1000044,pancreatic adenocarcinoma,mondo_release,mondo,,True,biolink:Disease,
MONDO:0003825,MONDO,MONDO:0003825,kidney oncocytoma,mondo_release,mondo,,True,biolink:Disease,
MONDO:0006849,MONDO,EFO:1001034,mastitis,mondo_release,mondo,,True,biolink:Disease,
MONDO:0005366,MONDO,EFO:0004239,chronic hepatitis B virus infection,mondo_release,mondo,,True,biolink:Disease,
MONDO:0006515,MONDO,EFO:1000652,acute pancreatitis,mondo_release,mondo,,True,biolink:Disease,
MONDO:0007294,MONDO,Orphanet:597,central core myopathy,mondo_release,mondo,,True,biolink:Disease,
MONDO:0012209,MONDO,MONDO:0012209,branchiogenic deafness syndrome,mondo_release,mondo,,True,biolink:Disease,
MONDO:0012450,MONDO,MONDO:0012450,spinocerebellar ataxia type 28,mondo_release,mondo,,True,biolink:Disease,
MONDO:0013284,MONDO,MONDO:0013284,"immunodeficiency, common variable, 4",mondo_release,mondo,,True,biolink:Disease,
MONDO:0012220,MONDO,Orphanet:79478,Griscelli syndrome type 3,mondo_release,mondo,,True,biolink:Disease,
MONDO:0013427,MONDO,MONDO:0013427,immunodeficiency 31B,mondo_release,mondo,,True,biolink:Disease,
MONDO:0005084,MONDO,EFO:0000677,mental disorder,mondo_release,mondo,,True,biolink:Disease,
MONDO:0009831,MONDO,EFO:1000359,malignant pancreatic neoplasm,mondo_release,mondo,,True,biolink:Disease,
MONDO:0024331,MONDO,EFO:1001951,colorectal carcinoma,mondo_release,mondo,,True,biolink:Disease,
MONDO:0009619,MONDO,MONDO:0009619,microcephaly-micromelia syndrome,mondo_release,mondo,,True,biolink:Disease,
MONDO:0002806,MONDO,EFO:1001942,bronchogenic carcinoma,mondo_release,mondo,,True,biolink:Disease,
MONDO:0024280,MONDO,MONDO:0024280,polyarticular arthritis,mondo_release,mondo,,True,biolink:Disease,
MONDO:0011661,MONDO,MONDO:0011661,inflammatory bowel disease 5,mondo_release,mondo,,True,biolink:Disease,
MONDO:0009614,MONDO,Orphanet:79311,"methylmalonic aciduria, cblB type",mondo_release,mondo,,True,biolink:Disease,
MONDO:0005098,MONDO,EFO:0000712,stroke disorder,mondo_release,mondo,,True,biolink:Disease,
MONDO:0001999,MONDO,MONDO:0001999,idiopathic pulmonary arterial hypertension,mondo_release,mondo,,True,biolink:Disease,
MONDO:0000494,MONDO,EFO:1001517,renal fibrosis,mondo_release,mondo,,True,biolink:Disease,
MONDO:0011438,MONDO,EFO:0003894,acne,mondo_release,mondo,,True,biolink:Disease,
MONDO:0001166,MONDO,EFO:1002050,nephritis,mondo_release,mondo,,True,biolink:Disease,
MONDO:0014439,MONDO,MONDO:0014439,Bardet-Biedl syndrome 11,mondo_release,mondo,,True,biolink:Disease,
MONDO:0008928,MONDO,Orphanet:1368,cataract-ataxia-deafness syndrome,mondo_release,mondo,,True,biolink:Disease,
MONDO:0007540,MONDO,MONDO:0007540,multiple endocrine neoplasia type 1,mondo_release,mondo,,True,biolink:Disease,
MONDO:0005466,MONDO,EFO:0005246,hypersomnia,mondo_release,mondo,,True,biolink:Disease,
MONDO:0006189,MONDO,EFO:1000229,eccrine porocarcinoma,mondo_release,mondo,,True,biolink:Disease,
MONDO:0021512,MONDO,MONDO:0021512,benign neoplasm of thymus,mondo_release,mondo,,True,biolink:Disease,
MONDO:0002331,MONDO,MONDO:0002331,nephrosis,mondo_release,mondo,,True,biolink:Disease,
MONDO:0010549,MONDO,Orphanet:101075,Charcot-Marie-Tooth disease X-linked dominant 1,mondo_release,mondo,,True,biolink:Disease,
MONDO:0011414,MONDO,MONDO:0011414,Peters anomaly,mondo_release,mondo,,True,biolink:Disease,
MONDO:0030531,MONDO,MONDO:0030531,spermatogenic failure 65,mondo_release,mondo,,True,biolink:Disease,
MONDO:0005298,MONDO,EFO:0003882,osteoporosis,mondo_release,mondo,,True,biolink:Disease,
MONDO:0018604,MONDO,MONDO:0018604,familial colorectal cancer type X,mondo_release,mondo,,True,biolink:Disease,
MONDO:0020696,MONDO,EFO:0000734,vitamin B12 deficiency,mondo_release,mondo,,True,biolink:Disease,
MONDO:0005502,MONDO,EFO:0005547,dengue disease,mondo_release,mondo,,True,biolink:Disease,
MONDO:0009426,MONDO,MONDO:0009426,hypoparathyroidism-retardation-dysmorphism syndrome,mondo_release,mondo,,True,biolink:Disease,
MONDO:0018906,MONDO,MONDO:0018906,follicular lymphoma,mondo_release,mondo,,True,biolink:Disease,
MONDO:0005283,MONDO,EFO:0003839,retinal disorder,mondo_release,mondo,,True,biolink:Disease,
MONDO:0018088,MONDO,MONDO:0018088,familial Mediterranean fever,mondo_release,mondo,,True,biolink:Disease,
MONDO:0005203,MONDO,EFO:0002687,ischemia reperfusion injury,mondo_release,mondo,,True,biolink:Disease,
MONDO:0010730,MONDO,EFO:1001451,"combined immunodeficiency, X-linked",mondo_release,mondo,,True,biolink:Disease,
MONDO:0005012,MONDO,EFO:0000389,cutaneous melanoma,mondo_release,mondo,,True,biolink:Disease,
MONDO:0006858,MONDO,EFO:1001047,mouth disorder,mondo_release,mondo,,True,biolink:Disease,
MONDO:0006649,MONDO,EFO:1000809,anterior ischemic optic neuropathy,mondo_release,mondo,,True,biolink:Disease,
MONDO:0005570,MONDO,EFO:0005803,hematologic disorder,mondo_release,mondo,,True,biolink:Disease,
MONDO:0008231,MONDO,MONDO:0008231,Peyronie disease,mondo_release,mondo,,True,biolink:Disease,
MONDO:0018161,MONDO,EFO:0005717,non-hereditary retinoblastoma,mondo_release,mondo,,True,biolink:Disease,
MONDO:0100114,MONDO,MONDO:0100114,dry age related macular degeneration,mondo_release,mondo,,True,biolink:Disease,
MONDO:0016060,MONDO,MONDO:0016060,laryngotracheoesophageal cleft,mondo_release,mondo,,True,biolink:Disease,
MONDO:0100135,MONDO,MONDO:0100135,Dravet syndrome,mondo_release,mondo,,True,biolink:Disease,
MONDO:0004648,MONDO,EFO:0004718,vascular dementia,mondo_release,mondo,,True,biolink:Disease,
MONDO:0011804,MONDO,MONDO:0011804,autoimmune lymphoproliferative syndrome type 2B,mondo_release,mondo,,True,biolink:Disease,
MONDO:0013615,MONDO,MONDO:0013615,craniosynostosis and dental anomalies,mondo_release,mondo,,True,biolink:Disease,
MONDO:0017317,MONDO,MONDO:0017317,phakomatosis pigmentokeratotica,mondo_release,mondo,,True,biolink:Disease,
MONDO:0005402,MONDO,EFO:0004289,lymphoid leukemia,mondo_release,mondo,,True,biolink:Disease,
MONDO:0005461,MONDO,EFO:0005232,endometrium adenocarcinoma,mondo_release,mondo,,True,biolink:Disease,
MONDO:0004985,MONDO,MONDO:0004985,bipolar disorder,mondo_release,mondo,,True,biolink:Disease,
MONDO:0009486,MONDO,MONDO:0009486,autosomal recessive Kenny-Caffey syndrome,mondo_release,mondo,,True,biolink:Disease,
MONDO:0002026,MONDO,MONDO:0002026,candidiasis,mondo_release,mondo,,True,biolink:Disease,
MONDO:0014334,MONDO,MONDO:0014334,severe combined immunodeficiency due to LCK deficiency,mondo_release,mondo,,True,biolink:Disease,
MONDO:0005191,MONDO,EFO:0002617,metastatic melanoma,mondo_release,mondo,,True,biolink:Disease,
MONDO:0008538,MONDO,EFO:1001209,temporal arteritis,mondo_release,mondo,,True,biolink:Disease,
MONDO:0044348,MONDO,MONDO:0044348,hemoglobinopathy,mondo_release,mondo,,True,biolink:Disease,
MONDO:0007064,MONDO,Orphanet:277,"severe combined immunodeficiency, autosomal recessive, T cell-negative, B cell-negative, NK cell-negative, due to adenosine deaminase deficiency",mondo_release,mondo,,True,biolink:Disease,
MONDO:0007389,MONDO,MONDO:0007389,spondylocostal dysostosis 5,mondo_release,mondo,,True,biolink:Disease,
MONDO:0008375,MONDO,EFO:0005773,retinal detachment,mondo_release,mondo,,True,biolink:Disease,
MONDO:0003758,MONDO,MONDO:0003758,childhood testicular germ cell tumor,mondo_release,mondo,,True,biolink:Disease,
MONDO:0014789,MONDO,MONDO:0014789,CCDC115-CDG,mondo_release,mondo,,True,biolink:Disease,
MONDO:0016381,MONDO,MONDO:0016381,hypertrichosis lanuginosa congenita,mondo_release,mondo,,True,biolink:Disease,
MONDO:0016294,MONDO,MONDO:0016294,Hirschsprung disease-type D brachydactyly syndrome,mondo_release,mondo,,True,biolink:Disease,
MONDO:0002714,MONDO,EFO:0000326,central nervous system cancer,mondo_release,mondo,,True,biolink:Disease,
MONDO:0100281,MONDO,MONDO:0100281,"macroglobulinemia, Waldenstrom, 1",mondo_release,mondo,,True,biolink:Disease,
MONDO:0005300,MONDO,EFO:0003884,chronic kidney disease,mondo_release,mondo,,True,biolink:Disease,
MONDO:0007376,MONDO,MONDO:0007376,fleck corneal dystrophy,mondo_release,mondo,,True,biolink:Disease,
MONDO:0005627,MONDO,EFO:0006859,head and neck cancer,mondo_release,mondo,,True,biolink:Disease,
MONDO:0008618,MONDO,MONDO:0008618,"mesomelic dwarfism, Reinhardt-Pfeiffer type",mondo_release,mondo,,True,biolink:Disease,
MONDO:0024540,MONDO,MONDO:0024540,Jervell and Lange-Nielsen syndrome 1,mondo_release,mondo,,True,biolink:Disease,
MONDO:0003085,MONDO,EFO:0009449,keratitis,mondo_release,mondo,,True,biolink:Disease,
MONDO:0018945,MONDO,MONDO:0018945,XK-related neurodegenerative disease,mondo_release,mondo,,True,biolink:Disease,
MONDO:0011569,MONDO,MONDO:0011569,Charcot-Marie-Tooth disease type 2B1,mondo_release,mondo,,True,biolink:Disease,
MONDO:0017349,MONDO,MONDO:0017349,myopericytoma,mondo_release,mondo,,True,biolink:Disease,
MONDO:0010088,MONDO,Orphanet:585,mucosulfatidosis,mondo_release,mondo,,True,biolink:Disease,
MONDO:0005453,MONDO,EFO:0005207,congenital heart disease,mondo_release,mondo,,True,biolink:Disease,
MONDO:0005371,MONDO,EFO:0004247,mood disorder,mondo_release,mondo,,True,biolink:Disease,
MONDO:0005101,MONDO,EFO:0000729,ulcerative colitis,mondo_release,mondo,,True,biolink:Disease,
MONDO:0016558,MONDO,MONDO:0016558,familial congenital mirror movements,mondo_release,mondo,,True,biolink:Disease,
MONDO:0005885,MONDO,EFO:0007405,optic neuritis,mondo_release,mondo,,True,biolink:Disease,
MONDO:0020678,MONDO,EFO:1001176,sensorineural hearing loss disorder,mondo_release,mondo,,True,biolink:Disease,
MONDO:0005068,MONDO,EFO:0000612,myocardial infarction,mondo_release,mondo,,True,biolink:Disease,
MONDO:0004948,MONDO,EFO:0000095,B-cell chronic lymphocytic leukemia,mondo_release,mondo,,True,biolink:Disease,
MONDO:0100319,MONDO,MONDO:0100319,COVID-19–associated multisystem inflammatory syndrome in adults,mondo_release,mondo,,True,biolink:Disease,
MONDO:0007743,MONDO,EFO:0003888,attention deficit-hyperactivity disorder,mondo_release,mondo,,True,biolink:Disease,
MONDO:0000918,MONDO,EFO:1001312,endometritis,mondo_release,mondo,,True,biolink:Disease,
MONDO:0009872,MONDO,MONDO:0009872,Bjornstad syndrome,mondo_release,mondo,,True,biolink:Disease,
MONDO:0006373,MONDO,EFO:1000478,pituitary gland adenoma,mondo_release,mondo,,True,biolink:Disease,
MONDO:0001134,MONDO,MONDO:0001134,essential hypertension,mondo_release,mondo,,True,biolink:Disease,
MONDO:0014172,MONDO,MONDO:0014172,spermatogenic failure 12,mondo_release,mondo,,True,biolink:Disease,
MONDO:0008982,MONDO,MONDO:0008982,central areolar choroidal dystrophy,mondo_release,mondo,,True,biolink:Disease,
MONDO:0009693,MONDO,EFO:0001378,plasma cell myeloma,mondo_release,mondo,,True,biolink:Disease,
MONDO:0033554,MONDO,MONDO:0033554,immunodeficiency 73b with defective neutrophil chemotaxis and lymphopenia,mondo_release,mondo,,True,biolink:Disease,
MONDO:0019458,MONDO,EFO:0003029,acute basophilic leukemia,mondo_release,mondo,,True,biolink:Disease,
MONDO:0014137,MONDO,MONDO:0014137,"precocious puberty, central, 2",mondo_release,mondo,,True,biolink:Disease,
MONDO:0009655,MONDO,MONDO:0009655,mucopolysaccharidosis type 3A,mondo_release,mondo,,True,biolink:Disease,
MONDO:0008903,MONDO,MONDO:0008903,lung cancer,mondo_release,mondo,,True,biolink:Disease,
MONDO:0005159,MONDO,EFO:0001663,prostate carcinoma,mondo_release,mondo,,True,biolink:Disease,
MONDO:0005401,MONDO,EFO:0004288,colonic neoplasm,mondo_release,mondo,,True,biolink:Disease,
MONDO:0005812,MONDO,EFO:0007328,influenza,mondo_release,mondo,,True,biolink:Disease,
MONDO:0008521,MONDO,MONDO:0008521,tarsal-carpal coalition syndrome,mondo_release,mondo,,True,biolink:Disease,
MONDO:0019736,MONDO,MONDO:0019736,dense deposit disease,mondo_release,mondo,,True,biolink:Disease,
MONDO:0002082,MONDO,EFO:0003769,endocrine gland neoplasm,mondo_release,mondo,,True,biolink:Disease,
MONDO:0700092,MONDO,EFO:0010642,neurodevelopmental disorder,mondo_release,mondo,,True,biolink:Disease,
MONDO:0007340,MONDO,MONDO:0007340,cleidocranial dysplasia 1,mondo_release,mondo,,True,biolink:Disease,
MONDO:0005386,MONDO,EFO:0004265,peripheral arterial disease,mondo_release,mondo,,True,biolink:Disease,
MONDO:0021355,MONDO,MONDO:0021355,neoplasm of esophagus,mondo_release,mondo,,True,biolink:Disease,
MONDO:0000646,MONDO,EFO:1000116,ovarian benign neoplasm,mondo_release,mondo,,True,biolink:Disease,
MONDO:0009901,MONDO,MONDO:0009901,Bartsocas-Papas syndrome 1,mondo_release,mondo,,True,biolink:Disease,
MONDO:0007888,MONDO,MONDO:0007888,hereditary leiomyomatosis and renal cell cancer,mondo_release,mondo,,True,biolink:Disease,
MONDO:0005097,MONDO,EFO:0000708,squamous cell lung carcinoma,mondo_release,mondo,,True,biolink:Disease,
MONDO:0015300,MONDO,MONDO:0015300,cataract - microcornea syndrome,mondo_release,mondo,,True,biolink:Disease,
MONDO:0005086,MONDO,EFO:0000681,renal cell carcinoma,mondo_release,mondo,,True,biolink:Disease,
MONDO:0005244,MONDO,EFO:0003100,peripheral neuropathy,mondo_release,mondo,,True,biolink:Disease,
MONDO:0800195,MONDO,MONDO:0800195,achalasia-alacrima syndrome,mondo_release,mondo,,True,biolink:Disease,
MONDO:0005574,MONDO,EFO:0005815,tauopathy,mondo_release,mondo,,True,biolink:Disease,
MONDO:0016683,MONDO,MONDO:0016683,gliomatosis cerebri,mondo_release,mondo,,True,biolink:Disease,
MONDO:0005219,MONDO,EFO:0003014,breast fibrocystic disease,mondo_release,mondo,,True,biolink:Disease,
MONDO:0020121,MONDO,MONDO:0020121,muscular dystrophy,mondo_release,mondo,,True,biolink:Disease,
MONDO:0016525,MONDO,MONDO:0016525,familial hyperaldosteronism,mondo_release,mondo,,True,biolink:Disease,
MONDO:0006489,MONDO,EFO:1000619,vaginal melanoma,mondo_release,mondo,,True,biolink:Disease,
MONDO:0001595,MONDO,EFO:0004152,choreatic disease,mondo_release,mondo,,True,biolink:Disease,
MONDO:0007987,MONDO,MONDO:0007987,Kniest dysplasia,mondo_release,mondo,,True,biolink:Disease,
MONDO:0019202,MONDO,MONDO:0019202,myxofibrosarcoma,mondo_release,mondo,,True,biolink:Disease,
MONDO:0010030,MONDO,EFO:0000699,Sjogren syndrome,mondo_release,mondo,,True,biolink:Disease,
MONDO:0002907,MONDO,MONDO:0002907,intracranial thrombosis,mondo_release,mondo,,True,biolink:Disease,
MONDO:0017400,MONDO,MONDO:0017400,hypoplastic pancreas-intestinal atresia-hypoplastic gallbalder syndrome,mondo_release,mondo,,True,biolink:Disease,
MONDO:0014403,MONDO,MONDO:0014403,short stature due to GHSR deficiency,mondo_release,mondo,,True,biolink:Disease,
MONDO:0007573,MONDO,MONDO:0007573,"erythroleukemia, familial, susceptibility to",mondo_release,mondo,,True,biolink:Disease,
MONDO:0017979,MONDO,MONDO:0017979,autoimmune lymphoproliferative syndrome,mondo_release,mondo,,True,biolink:Disease,
MONDO:0001106,MONDO,EFO:1002048,kidney failure,mondo_release,mondo,,True,biolink:Disease,
MONDO:0007635,MONDO,MONDO:0007635,Frasier syndrome,mondo_release,mondo,,True,biolink:Disease,
MONDO:0017827,MONDO,EFO:0000760,malignant peripheral nerve sheath tumor,mondo_release,mondo,,True,biolink:Disease,
MONDO:0004953,MONDO,EFO:0000186,invasive ductal breast carcinoma,mondo_release,mondo,,True,biolink:Disease,
MONDO:0005195,MONDO,EFO:0002623,septic peritonitis,mondo_release,mondo,,True,biolink:Disease,
MONDO:0006143,MONDO,EFO:1000172,cervical squamous cell carcinoma,mondo_release,mondo,,True,biolink:Disease,
MONDO:0015691,MONDO,EFO:1001467,hypereosinophilic syndrome,mondo_release,mondo,,True,biolink:Disease,
MONDO:0018075,MONDO,MONDO:0018075,neural tube defect,mondo_release,mondo,,True,biolink:Disease,
MONDO:0004557,MONDO,MONDO:0004557,congenital fibrosarcoma,mondo_release,mondo,,True,biolink:Disease,
MONDO:0003308,MONDO,EFO:1000485,pleural mesothelioma,mondo_release,mondo,,True,biolink:Disease,
MONDO:0019065,MONDO,EFO:1001875,amyloidosis,mondo_release,mondo,,True,biolink:Disease,
MONDO:0003240,MONDO,EFO:1000627,thyroid gland disorder,mondo_release,mondo,,True,biolink:Disease,
MONDO:0005439,MONDO,EFO:0004911,familial hypercholesterolemia,mondo_release,mondo,,True,biolink:Disease,
MONDO:0002025,MONDO,MONDO:0002025,psychiatric disorder,mondo_release,mondo,,True,biolink:Disease,
MONDO:0970943,MONDO,MONDO:0970943,"spermatogenic failure, X-linked, 8",mondo_release,mondo,,True,biolink:Disease,
MONDO:0006128,MONDO,EFO:1000156,central nervous system anaplastic large cell lymphoma,mondo_release,mondo,,True,biolink:Disease,
MONDO:0008840,MONDO,Orphanet:100,ataxia telangiectasia,mondo_release,mondo,,True,biolink:Disease,
MONDO:0008073,MONDO,MONDO:0008073,familial juvenile hyperuricemic nephropathy type 1,mondo_release,mondo,,True,biolink:Disease,
MONDO:0007243,MONDO,EFO:0000309,Burkitt lymphoma,mondo_release,mondo,,True,biolink:Disease,
MONDO:0005039,MONDO,EFO:0000512,reproductive system disorder,mondo_release,mondo,,True,biolink:Disease,
MONDO:0005277,MONDO,MONDO:0005277,migraine disorder,mondo_release,mondo,,True,biolink:Disease,
MONDO:0006882,MONDO,EFO:1001078,orchitis,mondo_release,mondo,,True,biolink:Disease,
MONDO:0005494,MONDO,EFO:0005537,triple-negative breast carcinoma,mondo_release,mondo,,True,biolink:Disease,
MONDO:0009297,MONDO,Orphanet:69076,familial renal glucosuria,mondo_release,mondo,,True,biolink:Disease,
MONDO:0006336,MONDO,EFO:1000417,ovarian endometrioid adenocarcinoma with squamous differentiation,mondo_release,mondo,,True,biolink:Disease,
MONDO:0006573,MONDO,EFO:1000727,lipodystrophy,mondo_release,mondo,,True,biolink:Disease,
MONDO:0005825,MONDO,EFO:0007344,leptospirosis,mondo_release,mondo,,True,biolink:Disease,
MONDO:0015279,MONDO,Orphanet:1334,chronic mucocutaneous candidiasis,mondo_release,mondo,,True,biolink:Disease,
MONDO:0014550,MONDO,MONDO:0014550,long QT syndrome 15,mondo_release,mondo,,True,biolink:Disease,
MONDO:0005351,MONDO,MONDO:0005351,anorexia nervosa,mondo_release,mondo,,True,biolink:Disease,
MONDO:0002120,MONDO,MONDO:0002120,neuroendocrine carcinoma,mondo_release,mondo,,True,biolink:Disease,
MONDO:0005968,MONDO,EFO:0007494,sporotrichosis,mondo_release,mondo,,True,biolink:Disease,
MONDO:0001149,MONDO,MONDO:0001149,microcephaly,mondo_release,mondo,,True,biolink:Disease,
MONDO:0006474,MONDO,EFO:1000601,transitional cell carcinoma,mondo_release,mondo,,True,biolink:Disease,
MONDO:0011287,MONDO,Orphanet:85199,craniosynostosis-anal anomalies-porokeratosis syndrome,mondo_release,mondo,,True,biolink:Disease,
MONDO:0021117,MONDO,MONDO:0021117,lung neoplasm,mondo_release,mondo,,True,biolink:Disease,
MONDO:0008599,MONDO,EFO:1001219,trigeminal neuralgia,mondo_release,mondo,,True,biolink:Disease,
MONDO:0005266,MONDO,EFO:0003770,diabetic retinopathy,mondo_release,mondo,,True,biolink:Disease,
MONDO:0005380,MONDO,EFO:0004259,osteonecrosis,mondo_release,mondo,,True,biolink:Disease,
MONDO:0008575,MONDO,EFO:0003768,nicotine dependence,mondo_release,mondo,,True,biolink:Disease,
MONDO:0005134,MONDO,EFO:0001066,experimental autoimmune encephalomyelitis,mondo_release,mondo,,True,biolink:Disease,
MONDO:0018531,MONDO,MONDO:0018531,carcinoma of liver and intrahepatic biliary tract,mondo_release,mondo,,True,biolink:Disease,
MONDO:0003004,MONDO,EFO:0009606,macular degeneration,mondo_release,mondo,,True,biolink:Disease,
MONDO:0019145,MONDO,MONDO:0019145,hereditary thrombophilia due to congenital protein C deficiency,mondo_release,mondo,,True,biolink:Disease,
MONDO:0008380,MONDO,MONDO:0008380,retinoblastoma,mondo_release,mondo,,True,biolink:Disease,
MONDO:0010108,MONDO,EFO:1000566,testicular germ cell tumor,mondo_release,mondo,,True,biolink:Disease,
MONDO:0011716,MONDO,EFO:0007132,acute hemorrhagic leukoencephalitis,mondo_release,mondo,,True,biolink:Disease,
MONDO:0007488,MONDO,EFO:0006792,Lewy body dementia,mondo_release,mondo,,True,biolink:Disease,
MONDO:0007142,MONDO,MONDO:0007142,Townes-Brocks syndrome,mondo_release,mondo,,True,biolink:Disease,
MONDO:0021086,MONDO,MONDO:0021086,gingival neoplasm,mondo_release,mondo,,True,biolink:Disease,
MONDO:0005240,MONDO,EFO:0003086,kidney disorder,mondo_release,mondo,,True,biolink:Disease,
MONDO:0014491,MONDO,MONDO:0014491,immunodeficiency 37,mondo_release,mondo,,True,biolink:Disease,
MONDO:0016168,MONDO,MONDO:0016168,cryopyrin-associated periodic syndrome,mondo_release,mondo,,True,biolink:Disease,
MONDO:0013960,MONDO,MONDO:0013960,sinoatrial node dysfunction and deafness,mondo_release,mondo,,True,biolink:Disease,
MONDO:0044925,MONDO,MONDO:0044925,oral cavity carcinoma,mondo_release,mondo,,True,biolink:Disease,
MONDO:0002462,MONDO,MONDO:0002462,glomerulonephritis,mondo_release,mondo,,True,biolink:Disease,
MONDO:0018079,MONDO,MONDO:0018079,thymic epithelial neoplasm,mondo_release,mondo,,True,biolink:Disease,
MONDO:0001657,MONDO,MONDO:0001657,brain cancer,mondo_release,mondo,,True,biolink:Disease,
MONDO:0004691,MONDO,EFO:1001496,autosomal dominant polycystic kidney disease,mondo_release,mondo,,True,biolink:Disease,
MONDO:0005480,MONDO,EFO:0005319,contact dermatitis,mondo_release,mondo,,True,biolink:Disease,
MONDO:0005231,MONDO,EFO:0003047,hepatitis C virus infection,mondo_release,mondo,,True,biolink:Disease,
MONDO:0044635,MONDO,MONDO:0044635,DIAPH1-related sensorineural hearing loss-thrombocytopenia syndrome,mondo_release,mondo,,True,biolink:Disease,
MONDO:0007186,MONDO,EFO:0003948,gastroesophageal reflux disease,mondo_release,mondo,,True,biolink:Disease,
MONDO:0100316,MONDO,MONDO:0100316,long QT syndrome 1,mondo_release,mondo,,True,biolink:Disease,
MONDO:0010650,MONDO,Orphanet:2484,Melnick-Needles syndrome,mondo_release,mondo,,True,biolink:Disease,
MONDO:0007915,MONDO,MONDO:0007915,systemic lupus erythematosus,mondo_release,mondo,,True,biolink:Disease,
MONDO:0100096,MONDO,MONDO:0100096,COVID-19,mondo_release,mondo,,True,biolink:Disease,
MONDO:0013561,MONDO,MONDO:0013561,"chondrodysplasia with joint dislocations, gPAPP type",mondo_release,mondo,,True,biolink:Disease,
MONDO:0005500,MONDO,EFO:0005545,congenital disorder of glycosylation type I,mondo_release,mondo,,True,biolink:Disease,
MONDO:0007817,MONDO,MONDO:0007817,"IgE responsiveness, atopic",mondo_release,mondo,,True,biolink:Disease,
MONDO:0014472,MONDO,MONDO:0014472,periodic fever-infantile enterocolitis-autoinflammatory syndrome,mondo_release,mondo,,True,biolink:Disease,
MONDO:0004979,MONDO,MONDO:0004979,asthma,mondo_release,mondo,,True,biolink:Disease,
MONDO:0011904,MONDO,MONDO:0011904,"seizures, benign familial infantile, 3",mondo_release,mondo,,True,biolink:Disease,
MONDO:0004508,MONDO,EFO:1001391,periapical periodontitis,mondo_release,mondo,,True,biolink:Disease,
MONDO:0005531,MONDO,EFO:0005612,morphine dependence,mondo_release,mondo,,True,biolink:Disease,
MONDO:0005028,MONDO,EFO:0000478,esophageal adenocarcinoma,mondo_release,mondo,,True,biolink:Disease,
MONDO:0002630,MONDO,MONDO:0002630,small cell osteogenic sarcoma,mondo_release,mondo,,True,biolink:Disease,
MONDO:0002032,MONDO,EFO:1001950,colon carcinoma,mondo_release,mondo,,True,biolink:Disease,
MONDO:0005030,MONDO,EFO:0000495,fetal growth restriction,mondo_release,mondo,,True,biolink:Disease,
MONDO:0017904,MONDO,MONDO:0017904,steroid dehydrogenase deficiency-dental anomalies syndrome,mondo_release,mondo,,True,biolink:Disease,
MONDO:0005296,MONDO,EFO:0003877,sleep apnea syndrome,mondo_release,mondo,,True,biolink:Disease,
MONDO:0004950,MONDO,EFO:0000178,gastric carcinoma,mondo_release,mondo,,True,biolink:Disease,
MONDO:0005053,MONDO,MONDO:0005053,ischemic disease,mondo_release,mondo,,True,biolink:Disease,
MONDO:0008021,MONDO,MONDO:0008021,Cowden syndrome 1,mondo_release,mondo,,True,biolink:Disease,
MONDO:0012105,MONDO,EFO:0005297,granulomatosis with polyangiitis,mondo_release,mondo,,True,biolink:Disease,
MONDO:0009588,MONDO,MONDO:0009588,Langer mesomelic dysplasia,mondo_release,mondo,,True,biolink:Disease,
MONDO:0009515,MONDO,Orphanet:79293,Norum disease,mondo_release,mondo,,True,biolink:Disease,
MONDO:0007576,MONDO,MONDO:0007576,esophageal cancer,mondo_release,mondo,,True,biolink:Disease,
MONDO:0000984,MONDO,EFO:1001996,thalassemia,mondo_release,mondo,,True,biolink:Disease,
MONDO:0002529,MONDO,MONDO:0002529,skin squamous cell carcinoma,mondo_release,mondo,,True,biolink:Disease,
MONDO:0009597,MONDO,MONDO:0009597,"metaphyseal chondrodysplasia, Spahr type",mondo_release,mondo,,True,biolink:Disease,
MONDO:0018653,MONDO,MONDO:0018653,Polymerase proofreading-related adenomatous polyposis,mondo_release,mondo,,True,biolink:Disease,
MONDO:0006311,MONDO,EFO:1000388,myelodysplastic/myeloproliferative neoplasm,mondo_release,mondo,,True,biolink:Disease,
MONDO:0006626,MONDO,EFO:1000783,diabetic neuropathy,mondo_release,mondo,,True,biolink:Disease,
MONDO:0018479,MONDO,MONDO:0018479,congenital adrenal hyperplasia,mondo_release,mondo,,True,biolink:Disease,
MONDO:0016643,MONDO,MONDO:0016643,frontonasal dysplasia,mondo_release,mondo,,True,biolink:Disease,
MONDO:0021100,MONDO,EFO:0003869,breast neoplasm,mondo_release,mondo,,True,biolink:Disease,
MONDO:0010200,MONDO,MONDO:0010200,Wilson disease,mondo_release,mondo,,True,biolink:Disease,
MONDO:0030602,MONDO,MONDO:0030602,Klebsiella pneumonia,mondo_release,mondo,,True,biolink:Disease,
MONDO:0018948,MONDO,MONDO:0018948,multiminicore myopathy,mondo_release,mondo,,True,biolink:Disease,
MONDO:0009903,MONDO,MONDO:0009903,postaxial acrofacial dysostosis,mondo_release,mondo,,True,biolink:Disease,
MONDO:0005093,MONDO,EFO:0000701,skin disorder,mondo_release,mondo,,True,biolink:Disease,
MONDO:0008173,MONDO,MONDO:0008173,pachyonychia congenita 1,mondo_release,mondo,,True,biolink:Disease,
MONDO:0041052,MONDO,MONDO:0041052,postherpetic neuralgia,mondo_release,mondo,,True,biolink:Disease,
MONDO:0010011,MONDO,MONDO:0010011,schizencephaly,mondo_release,mondo,,True,biolink:Disease,
MONDO:0005133,MONDO,EFO:0001065,endometriosis,mondo_release,mondo,,True,biolink:Disease,
MONDO:0005046,MONDO,EFO:0000540,immune system disorder,mondo_release,mondo,,True,biolink:Disease,
MONDO:0002367,MONDO,MONDO:0002367,kidney cancer,mondo_release,mondo,,True,biolink:Disease,
MONDO:0005089,MONDO,EFO:0000691,sarcoma,mondo_release,mondo,,True,biolink:Disease,
MONDO:0032805,MONDO,MONDO:0032805,"hypopigmentation, organomegaly, and delayed myelination and development",mondo_release,mondo,,True,biolink:Disease,
MONDO:0015199,MONDO,Orphanet:1068,aniridia - intellectual disability syndrome,mondo_release,mondo,,True,biolink:Disease,
MONDO:0004963,MONDO,EFO:0000209,T-cell acute lymphoblastic leukemia,mondo_release,mondo,,True,biolink:Disease,
MONDO:0007079,MONDO,MONDO:0007079,alcohol dependence,mondo_release,mondo,,True,biolink:Disease,
MONDO:0013826,MONDO,MONDO:0013826,autosomal recessive nonsyndromic hearing loss 86,mondo_release,mondo,,True,biolink:Disease,
MONDO:0020593,MONDO,MONDO:0020593,trichoblastoma,mondo_release,mondo,,True,biolink:Disease,
MONDO:0002771,MONDO,EFO:0009448,pulmonary fibrosis,mondo_release,mondo,,True,biolink:Disease,
MONDO:0006874,MONDO,EFO:1001068,obstructive jaundice,mondo_release,mondo,,True,biolink:Disease,
MONDO:0005131,MONDO,EFO:0001061,cervical carcinoma,mondo_release,mondo,,True,biolink:Disease,
MONDO:0019124,MONDO,EFO:1000784,microscopic polyangiitis,mondo_release,mondo,,True,biolink:Disease,
MONDO:0021163,MONDO,EFO:0003865,kidney neoplasm,mondo_release,mondo,,True,biolink:Disease,
MONDO:0005623,MONDO,EFO:0006812,autoimmune thyroid disease,mondo_release,mondo,,True,biolink:Disease,
MONDO:0001336,MONDO,MONDO:0001336,familial hyperlipidemia,mondo_release,mondo,,True,biolink:Disease,
MONDO:0005304,MONDO,EFO:0003891,biliary tract neoplasm,mondo_release,mondo,,True,biolink:Disease,
MONDO:0005070,MONDO,EFO:0000616,neoplasm,mondo_release,mondo,,True,biolink:Disease,
MONDO:0005440,MONDO,EFO:0004986,embryonal carcinoma,mondo_release,mondo,,True,biolink:Disease,
MONDO:0005075,MONDO,EFO:0000641,thyroid gland papillary carcinoma,mondo_release,mondo,,True,biolink:Disease,
MONDO:0003210,MONDO,EFO:1001961,intrahepatic cholangiocarcinoma,mondo_release,mondo,,True,biolink:Disease,
MONDO:0001751,MONDO,MONDO:0001751,cholestasis,mondo_release,mondo,,True,biolink:Disease,
MONDO:0013518,MONDO,MONDO:0013518,"pituitary hormone deficiency, combined, 6",mondo_release,mondo,,True,biolink:Disease,
MONDO:0030938,MONDO,MONDO:0030938,spermatogenic failure 52,mondo_release,mondo,,True,biolink:Disease,
MONDO:0005496,MONDO,EFO:0005540,bile duct carcinoma,mondo_release,mondo,,True,biolink:Disease,
MONDO:0009805,MONDO,MONDO:0009805,osteogenesis imperfecta type 9,mondo_release,mondo,,True,biolink:Disease,
MONDO:0005096,MONDO,EFO:0000707,squamous cell carcinoma,mondo_release,mondo,,True,biolink:Disease,
MONDO:0006300,MONDO,EFO:1000368,medullomyoblastoma with myogenic differentiation,mondo_release,mondo,,True,biolink:Disease,
MONDO:0005308,MONDO,EFO:0003900,ciliopathy,mondo_release,mondo,,True,biolink:Disease,
MONDO:0012414,MONDO,Orphanet:228337,neuronal ceroid lipofuscinosis 10,mondo_release,mondo,,True,biolink:Disease,
MONDO:0006846,MONDO,EFO:1001031,malignant hypertension,mondo_release,mondo,,True,biolink:Disease,
MONDO:0010576,MONDO,Orphanet:383,X-linked mixed hearing loss with perilymphatic gusher,mondo_release,mondo,,True,biolink:Disease,
MONDO:0019438,MONDO,MONDO:0019438,AL amyloidosis,mondo_release,mondo,,True,biolink:Disease,
MONDO:0014981,MONDO,MONDO:0014981,immunodeficiency 49,mondo_release,mondo,,True,biolink:Disease,
MONDO:0005267,MONDO,EFO:0003777,heart disorder,mondo_release,mondo,,True,biolink:Disease,
MONDO:0971173,MONDO,MONDO:0971173,autoinflammation with arthritis and vasculitis,mondo_release,mondo,,True,biolink:Disease,
MONDO:0032714,MONDO,MONDO:0032714,"facial dysmorphism, hypertrichosis, epilepsy, intellectual/developmental delay, and gingival overgrowth syndrome",mondo_release,mondo,,True,biolink:Disease,
MONDO:0005336,MONDO,EFO:0004145,myopathy,mondo_release,mondo,,True,biolink:Disease,
MONDO:0003334,MONDO,MONDO:0003334,demyelinating polyneuropathy,mondo_release,mondo,,True,biolink:Disease,
MONDO:0021259,MONDO,MONDO:0021259,prostate neoplasm,mondo_release,mondo,,True,biolink:Disease,
MONDO:0005475,MONDO,MONDO:0005475,migraine with aura,mondo_release,mondo,,True,biolink:Disease,
MONDO:0043579,MONDO,MONDO:0043579,enteritis,mondo_release,mondo,,True,biolink:Disease,
MONDO:0957572,MONDO,MONDO:0957572,thrombocytopenia 9,mondo_release,mondo,,True,biolink:Disease,
MONDO:0100234,MONDO,MONDO:0100234,paroxysmal familial ventricular fibrillation,mondo_release,mondo,,True,biolink:Disease,
MONDO:0008661,MONDO,EFO:0004208,vitiligo,mondo_release,mondo,,True,biolink:Disease,
MONDO:0013730,MONDO,MONDO:0013730,graft versus host disease,mondo_release,mondo,,True,biolink:Disease,
MONDO:0005312,MONDO,EFO:0003921,pouchitis,mondo_release,mondo,,True,biolink:Disease,
MONDO:0019192,MONDO,MONDO:0019192,AKT2-related familial partial lipodystrophy,mondo_release,mondo,,True,biolink:Disease,
MONDO:0000448,MONDO,EFO:1000453,paraganglioma,mondo_release,mondo,,True,biolink:Disease,
MONDO:0005784,MONDO,MONDO:0005784,hantavirus hemorrhagic fever with renal syndrome,mondo_release,mondo,,True,biolink:Disease,
MONDO:0014054,MONDO,MONDO:0014054,lymphoproliferative syndrome 2,mondo_release,mondo,,True,biolink:Disease,
MONDO:0008222,MONDO,MONDO:0008222,Andersen-Tawil syndrome,mondo_release,mondo,,True,biolink:Disease,
MONDO:0003079,MONDO,MONDO:0003079,mastocytoma,mondo_release,mondo,,True,biolink:Disease,
MONDO:0006256,MONDO,EFO:1000307,invasive breast carcinoma,mondo_release,mondo,,True,biolink:Disease,
MONDO:0010150,MONDO,EFO:0000181,head and neck squamous cell carcinoma,mondo_release,mondo,,True,biolink:Disease,
MONDO:0019098,MONDO,MONDO:0019098,autoimmune thrombocytopenia,mondo_release,mondo,,True,biolink:Disease,
MONDO:0005233,MONDO,EFO:0003060,non-small cell lung carcinoma,mondo_release,mondo,,True,biolink:Disease,
MONDO:0044212,MONDO,MONDO:0044212,chronic idiopathic urticaria,mondo_release,mondo,,True,biolink:Disease,
MONDO:0018912,MONDO,EFO:0003099,Cushing syndrome,mondo_release,mondo,,True,biolink:Disease,
MONDO:0006810,MONDO,EFO:1000992,intracranial hypertension,mondo_release,mondo,,True,biolink:Disease,
MONDO:0016047,MONDO,MONDO:0016047,endophthalmitis,mondo_release,mondo,,True,biolink:Disease,
MONDO:0005059,MONDO,EFO:0000565,leukemia,mondo_release,mondo,,True,biolink:Disease,
MONDO:0000521,MONDO,MONDO:0000521,salivary gland carcinoma,mondo_release,mondo,,True,biolink:Disease,
MONDO:0100233,MONDO,MONDO:0100233,long COVID-19,mondo_release,mondo,,True,biolink:Disease,
MONDO:0007834,MONDO,MONDO:0007834,islet cell adenomatosis,mondo_release,mondo,,True,biolink:Disease,
MONDO:0008300,MONDO,MONDO:0008300,Prader-Willi syndrome,mondo_release,mondo,,True,biolink:Disease,
MONDO:0005079,MONDO,EFO:0000662,polyp,mondo_release,mondo,,True,biolink:Disease,
MONDO:0005546,MONDO,EFO:0005687,fibromyalgia,mondo_release,mondo,,True,biolink:Disease,
MONDO:0015168,MONDO,MONDO:0015168,arthrogryposis multiplex congenita,mondo_release,mondo,,True,biolink:Disease,
MONDO:0005920,MONDO,EFO:0007444,Plasmodium falciparum malaria,mondo_release,mondo,,True,biolink:Disease,
MONDO:0016394,MONDO,MONDO:0016394,sporadic infantile bilateral striatal necrosis,mondo_release,mondo,,True,biolink:Disease,
MONDO:0026722,MONDO,MONDO:0026722,Mullegama-Klein-Martinez syndrome,mondo_release,mondo,,True,biolink:Disease,
MONDO:0005399,MONDO,EFO:0004286,venous thromboembolism,mondo_release,mondo,,True,biolink:Disease,
MONDO:0005033,MONDO,EFO:0000500,ganglioneuroma,mondo_release,mondo,,True,biolink:Disease,
MONDO:0016574,MONDO,Orphanet:2435,hypo- and hypermelanotic cutaneous macules-retarded growth-intellectual disability syndrome,mondo_release,mondo,,True,biolink:Disease,
MONDO:0006843,MONDO,EFO:1001028,macular holes,mondo_release,mondo,,True,biolink:Disease,
MONDO:0024662,MONDO,MONDO:0024662,colorectal tubulovillous adenoma,mondo_release,mondo,,True,biolink:Disease,
MONDO:0971001,MONDO,MONDO:0971001,immunodeficiency 121 with autoinflammation,mondo_release,mondo,,True,biolink:Disease,
MONDO:0017596,MONDO,MONDO:0017596,diffuse large B-cell lymphoma of the central nervous system,mondo_release,mondo,,True,biolink:Disease,
MONDO:0100330,MONDO,MONDO:0100330,disease arising from reactivation of latent virus,mondo_release,mondo,,True,biolink:Disease,
MONDO:0004782,MONDO,MONDO:0004782,diabetes insipidus,mondo_release,mondo,,True,biolink:Disease,
MONDO:0008558,MONDO,EFO:0007160,autoimmune thrombocytopenic purpura,mondo_release,mondo,,True,biolink:Disease,
MONDO:0019797,MONDO,MONDO:0019797,acrodysostosis,mondo_release,mondo,,True,biolink:Disease,
MONDO:0018896,MONDO,MONDO:0018896,thrombotic thrombocytopenic purpura,mondo_release,mondo,,True,biolink:Disease,
MONDO:0004355,MONDO,MONDO:0004355,childhood leukemia,mondo_release,mondo,,True,biolink:Disease,
MONDO:0016471,MONDO,MONDO:0016471,pachyonychia congenita,mondo_release,mondo,,True,biolink:Disease,
MONDO:0006456,MONDO,EFO:1000581,thymoma,mondo_release,mondo,,True,biolink:Disease,
MONDO:0006215,MONDO,EFO:1000262,gallbladder adenocarcinoma,mondo_release,mondo,,True,biolink:Disease,
MONDO:0010662,MONDO,MONDO:0010662,paraplegia-intellectual disability-hyperkeratosis syndrome,mondo_release,mondo,,True,biolink:Disease,
MONDO:0008493,MONDO,MONDO:0008493,overhydrated hereditary stomatocytosis,mondo_release,mondo,,True,biolink:Disease,
MONDO:0019954,MONDO,EFO:1000045,pancreatic neuroendocrine tumor,mondo_release,mondo,,True,biolink:Disease,
MONDO:0007295,MONDO,MONDO:0007295,self-limited epilepsy with centrotemporal spikes,mondo_release,mondo,,True,biolink:Disease,
MONDO:0006644,MONDO,EFO:1000802,alcoholic liver cirrhosis,mondo_release,mondo,,True,biolink:Disease,
MONDO:0004982,MONDO,EFO:0000278,pancreatitis,mondo_release,mondo,,True,biolink:Disease,
MONDO:0024647,MONDO,MONDO:0024647,urolithiasis,mondo_release,mondo,,True,biolink:Disease,
MONDO:0005060,MONDO,EFO:0000569,liposarcoma,mondo_release,mondo,,True,biolink:Disease,
MONDO:0054727,MONDO,MONDO:0054727,spermatogenic failure 23,mondo_release,mondo,,True,biolink:Disease,
MONDO:0007113,MONDO,MONDO:0007113,Angelman syndrome,mondo_release,mondo,,True,biolink:Disease,
MONDO:0008243,MONDO,EFO:0003096,Pick disease,mondo_release,mondo,,True,biolink:Disease,
MONDO:0014300,MONDO,MONDO:0014300,proximal myopathy with extrapyramidal signs,mondo_release,mondo,,True,biolink:Disease,
MONDO:0970993,MONDO,MONDO:0970993,immunodeficiency 119,mondo_release,mondo,,True,biolink:Disease,
MONDO:0021104,MONDO,MONDO:0021104,alcoholic fatty liver disease,mondo_release,mondo,,True,biolink:Disease,
MONDO:0007473,MONDO,MONDO:0007473,Duane retraction syndrome,mondo_release,mondo,,True,biolink:Disease,
MONDO:0010882,MONDO,Orphanet:1113,aphalangy-syndactyly-microcephaly syndrome,mondo_release,mondo,,True,biolink:Disease,
MONDO:0017572,MONDO,EFO:1001309,tick-borne encephalitis,mondo_release,mondo,,True,biolink:Disease,
MONDO:0014118,MONDO,MONDO:0014118,congenital neutropenia-myelofibrosis-nephromegaly syndrome,mondo_release,mondo,,True,biolink:Disease,
MONDO:0005344,MONDO,EFO:0004197,hepatitis B virus infection,mondo_release,mondo,,True,biolink:Disease,
MONDO:0016305,MONDO,MONDO:0016305,atypical pantothenate kinase-associated neurodegeneration,mondo_release,mondo,,True,biolink:Disease,
MONDO:0006186,MONDO,EFO:1000223,duodenal adenocarcinoma,mondo_release,mondo,,True,biolink:Disease,
MONDO:0060507,MONDO,MONDO:0060507,retinal dystrophy with or without macular staphyloma,mondo_release,mondo,,True,biolink:Disease,
MONDO:0007367,MONDO,MONDO:0007367,"febrile seizures, familial, 1",mondo_release,mondo,,True,biolink:Disease,
MONDO:0007256,MONDO,EFO:0000182,hepatocellular carcinoma,mondo_release,mondo,,True,biolink:Disease,
MONDO:0005087,MONDO,EFO:0000684,respiratory system disorder,mondo_release,mondo,,True,biolink:Disease,
MONDO:0004784,MONDO,MONDO:0004784,allergic asthma,mondo_release,mondo,,True,biolink:Disease,
MONDO:0008185,MONDO,MONDO:0008185,hereditary chronic pancreatitis,mondo_release,mondo,,True,biolink:Disease,
MONDO:0006816,MONDO,EFO:1000999,arthropathy,mondo_release,mondo,,True,biolink:Disease,
MONDO:0001854,MONDO,EFO:0009455,lacrimal apparatus disorder,mondo_release,mondo,,True,biolink:Disease,
MONDO:0005186,MONDO,EFO:0002610,cocaine dependence,mondo_release,mondo,,True,biolink:Disease,
MONDO:0005062,MONDO,EFO:0000574,lymphoma,mondo_release,mondo,,True,biolink:Disease,
MONDO:0006733,MONDO,EFO:1000906,dry eye syndrome,mondo_release,mondo,,True,biolink:Disease,
MONDO:0016216,MONDO,MONDO:0016216,adult hepatocellular carcinoma,mondo_release,mondo,,True,biolink:Disease,
MONDO:0019068,MONDO,MONDO:0019068,congenital membranous nephropathy due to maternal anti-neutral endopeptidase alloimmunization,mondo_release,mondo,,True,biolink:Disease,
MONDO:0005065,MONDO,EFO:0000588,mesothelioma,mondo_release,mondo,,True,biolink:Disease,
MONDO:0018975,MONDO,MONDO:0018975,neurofibromatosis type 1,mondo_release,mondo,,True,biolink:Disease,
MONDO:0005393,MONDO,EFO:0004274,gout,mondo_release,mondo,,True,biolink:Disease,
MONDO:0021353,MONDO,EFO:0003859,tumor of uterus,mondo_release,mondo,,True,biolink:Disease,
MONDO:0005260,MONDO,EFO:0003758,autism,mondo_release,mondo,,True,biolink:Disease,
MONDO:0003001,MONDO,MONDO:0003001,seminoma,mondo_release,mondo,,True,biolink:Disease,
MONDO:0012883,MONDO,EFO:0000224,acute promyelocytic leukemia,mondo_release,mondo,,True,biolink:Disease,
MONDO:0002269,MONDO,EFO:1001463,gastroenteritis,mondo_release,mondo,,True,biolink:Disease,
MONDO:0021042,MONDO,EFO:0005543,glioma,mondo_release,mondo,,True,biolink:Disease,
MONDO:0006007,MONDO,EFO:0007536,vesicoureteral reflux,mondo_release,mondo,,True,biolink:Disease,
MONDO:0032696,MONDO,MONDO:0032696,oocyte maturation defect 6,mondo_release,mondo,,True,biolink:Disease,
MONDO:0013291,MONDO,Orphanet:263297,glycogen storage disease XV,mondo_release,mondo,,True,biolink:Disease,
MONDO:0958006,MONDO,MONDO:0958006,"spondyloepimetaphyseal dysplasia, Guo-Campeau type",mondo_release,mondo,,True,biolink:Disease,
MONDO:0005282,MONDO,EFO:0003834,cutaneous lupus erythematosus,mondo_release,mondo,,True,biolink:Disease,
MONDO:0004949,MONDO,EFO:0000096,neoplasm of mature B-cells,mondo_release,mondo,,True,biolink:Disease,
MONDO:0007705,MONDO,MONDO:0007705,Heinz body anemia,mondo_release,mondo,,True,biolink:Disease,
MONDO:0005135,MONDO,EFO:0001067,parasitic infectious disease,mondo_release,mondo,,True,biolink:Disease,
MONDO:0004981,MONDO,EFO:0000275,atrial fibrillation,mondo_release,mondo,,True,biolink:Disease,
MONDO:0006781,MONDO,EFO:1000961,Helicobacter pylori infectious disease,mondo_release,mondo,,True,biolink:Disease,
MONDO:0002708,MONDO,MONDO:0002708,retinitis,mondo_release,mondo,,True,biolink:Disease,
MONDO:0013410,MONDO,MONDO:0013410,"46,XY sex reversal 6",mondo_release,mondo,,True,biolink:Disease,
MONDO:0015759,MONDO,EFO:1001938,B-cell non-Hodgkin lymphoma,mondo_release,mondo,,True,biolink:Disease,
MONDO:0015796,MONDO,EFO:0004610,acute lung injury,mondo_release,mondo,,True,biolink:Disease,
MONDO:0032766,MONDO,MONDO:0032766,"hypoalphalipoproteinemia, primary, 2",mondo_release,mondo,,True,biolink:Disease,
MONDO:0010068,MONDO,Orphanet:93357,"spondyloepimetaphyseal dysplasia, sponastrime type",mondo_release,mondo,,True,biolink:Disease,
MONDO:0034054,MONDO,MONDO:0034054,severe combined immunodeficiency due to CD70 deficiency,mondo_release,mondo,,True,biolink:Disease,
MONDO:0005711,MONDO,EFO:0007216,congenital diaphragmatic hernia,mondo_release,mondo,,True,biolink:Disease,
MONDO:0020640,MONDO,MONDO:0020640,autoimmune encephalitis,mondo_release,mondo,,True,biolink:Disease,
MONDO:0009086,MONDO,Orphanet:3217,deafness-small bowel diverticulosis-neuropathy syndrome,mondo_release,mondo,,True,biolink:Disease,
MONDO:0054730,MONDO,MONDO:0054730,spermatogenic failure 26,mondo_release,mondo,,True,biolink:Disease,
MONDO:0002531,MONDO,EFO:0004198,skin neoplasm,mondo_release,mondo,,True,biolink:Disease,
MONDO:0007191,MONDO,EFO:0003780,Behcet disease,mondo_release,mondo,,True,biolink:Disease,
MONDO:0001475,MONDO,MONDO:0001475,neutropenia,mondo_release,mondo,,True,biolink:Disease,
MONDO:0010066,MONDO,MONDO:0010066,familial isolated congenital asplenia,mondo_release,mondo,,True,biolink:Disease,
MONDO:0009676,MONDO,MONDO:0009676,autosomal recessive limb-girdle muscular dystrophy type 2B,mondo_release,mondo,,True,biolink:Disease,
MONDO:0015229,MONDO,MONDO:0015229,Bardet-Biedl syndrome,mondo_release,mondo,,True,biolink:Disease,
MONDO:0007947,MONDO,MONDO:0007947,Marfan syndrome,mondo_release,mondo,,True,biolink:Disease,
MONDO:0004126,MONDO,MONDO:0004126,thyroiditis,mondo_release,mondo,,True,biolink:Disease,
MONDO:0015667,MONDO,MONDO:0015667,acute myeloid leukemia by FAB classification,mondo_release,mondo,,True,biolink:Disease,
MONDO:0008810,MONDO,MONDO:0008810,familial apolipoprotein C-II deficiency,mondo_release,mondo,,True,biolink:Disease,
MONDO:0007686,MONDO,MONDO:0007686,gray platelet syndrome,mondo_release,mondo,,True,biolink:Disease,
MONDO:0016982,MONDO,EFO:0003968,angiosarcoma,mondo_release,mondo,,True,biolink:Disease,
MONDO:0014851,MONDO,MONDO:0014851,"hypercalcemia, infantile, 2",mondo_release,mondo,,True,biolink:Disease,
MONDO:0021667,MONDO,EFO:0009430,neuralgia,mondo_release,mondo,,True,biolink:Disease,
MONDO:0004970,MONDO,EFO:0000228,adenocarcinoma,mondo_release,mondo,,True,biolink:Disease,
MONDO:0011057,MONDO,EFO:0003763,cerebrovascular disorder,mondo_release,mondo,,True,biolink:Disease,
MONDO:0009582,MONDO,MONDO:0009582,Mietens syndrome,mondo_release,mondo,,True,biolink:Disease,
MONDO:0015924,MONDO,EFO:0001361,pulmonary arterial hypertension,mondo_release,mondo,,True,biolink:Disease,
MONDO:0005116,MONDO,EFO:0000775,Whipple disease,mondo_release,mondo,,True,biolink:Disease,
MONDO:0006031,MONDO,EFO:1000024,chronic rhinosinusitis,mondo_release,mondo,,True,biolink:Disease,
MONDO:0013758,MONDO,MONDO:0013758,Charcot-Marie-Tooth disease dominant intermediate E,mondo_release,mondo,,True,biolink:Disease,
MONDO:0017778,MONDO,MONDO:0017778,lamellar ichthyosis,mondo_release,mondo,,True,biolink:Disease,
MONDO:0010298,MONDO,MONDO:0010298,Lesch-Nyhan syndrome,mondo_release,mondo,,True,biolink:Disease,
MONDO:0005989,MONDO,EFO:0007517,toxoplasmosis,mondo_release,mondo,,True,biolink:Disease,
MONDO:0004928,MONDO,MONDO:0004928,lymph node disorder,mondo_release,mondo,,True,biolink:Disease,
MONDO:0003024,MONDO,MONDO:0003024,breast angiosarcoma,mondo_release,mondo,,True,biolink:Disease,
MONDO:0005032,MONDO,EFO:0000499,follicular thyroid adenoma,mondo_release,mondo,,True,biolink:Disease,
MONDO:0007732,MONDO,MONDO:0007732,Holt-Oram syndrome,mondo_release,mondo,,True,biolink:Disease,
MONDO:0005109,MONDO,EFO:0000764,HIV infectious disease,mondo_release,mondo,,True,biolink:Disease,
MONDO:0005027,MONDO,EFO:0000474,epilepsy,mondo_release,mondo,,True,biolink:Disease,
MONDO:0011760,MONDO,MONDO:0011760,Scheie syndrome,mondo_release,mondo,,True,biolink:Disease,
MONDO:0001098,MONDO,EFO:1001916,separation anxiety disorder,mondo_release,mondo,,True,biolink:Disease,
MONDO:0005178,MONDO,MONDO:0005178,osteoarthritis,mondo_release,mondo,,True,biolink:Disease,
MONDO:0001823,MONDO,MONDO:0001823,sick sinus syndrome,mondo_release,mondo,,True,biolink:Disease,
MONDO:0024573,MONDO,MONDO:0024573,familial hypertrophic cardiomyopathy,mondo_release,mondo,,True,biolink:Disease,
MONDO:0019516,MONDO,Orphanet:891,exudative vitreoretinopathy,mondo_release,mondo,,True,biolink:Disease,
MONDO:0020074,MONDO,MONDO:0020074,progressive myoclonus epilepsy,mondo_release,mondo,,True,biolink:Disease,
MONDO:0010264,MONDO,MONDO:0010264,X-linked adrenal hypoplasia congenita,mondo_release,mondo,,True,biolink:Disease,
MONDO:0000607,MONDO,EFO:0002913,primary cutaneous T-cell non-Hodgkin lymphoma,mondo_release,mondo,,True,biolink:Disease,
MONDO:0014621,MONDO,MONDO:0014621,Brugada syndrome 9,mondo_release,mondo,,True,biolink:Disease,
MONDO:0005010,MONDO,EFO:0001645,coronary artery disorder,mondo_release,mondo,,True,biolink:Disease,
MONDO:0004974,MONDO,EFO:0000239,adrenal gland pheochromocytoma,mondo_release,mondo,,True,biolink:Disease,
MONDO:0005416,MONDO,EFO:0004616,"osteoarthritis, knee",mondo_release,mondo,,True,biolink:Disease,
MONDO:0010679,MONDO,MONDO:0010679,Duchenne muscular dystrophy,mondo_release,mondo,,True,biolink:Disease,
MONDO:0004277,MONDO,DOID:7551,gonorrhea,mondo_release,mondo,,True,biolink:Disease,
MONDO:0002869,MONDO,EFO:0009551,heart valve disorder,mondo_release,mondo,,True,biolink:Disease,
MONDO:0005377,MONDO,EFO:0004255,nephrotic syndrome,mondo_release,mondo,,True,biolink:Disease,
MONDO:0019154,MONDO,MONDO:0019154,androgen insensitivity syndrome,mondo_release,mondo,,True,biolink:Disease,
MONDO:0002081,MONDO,EFO:0009676,musculoskeletal system disorder,mondo_release,mondo,,True,biolink:Disease,
MONDO:0957981,MONDO,MONDO:0957981,immunodeficiency 115 with autoinflammation,mondo_release,mondo,,True,biolink:Disease,
MONDO:0006262,MONDO,EFO:1000317,lacrimal gland adenoid cystic carcinoma,mondo_release,mondo,,True,biolink:Disease,
MONDO:0005002,MONDO,EFO:0000341,chronic obstructive pulmonary disease,mondo_release,mondo,,True,biolink:Disease,
MONDO:0018842,MONDO,EFO:1000491,primary effusion lymphoma,mondo_release,mondo,,True,biolink:Disease,
MONDO:0054723,MONDO,MONDO:0054723,spermatogenic failure 19,mondo_release,mondo,,True,biolink:Disease,
MONDO:0037821,MONDO,MONDO:0037821,porphyrin metabolism disease,mondo_release,mondo,,True,biolink:Disease,
MONDO:0005173,MONDO,EFO:0002496,actinic keratosis,mondo_release,mondo,,True,biolink:Disease,
MONDO:0017844,MONDO,EFO:1000785,Sezary syndrome,mondo_release,mondo,,True,biolink:Disease,
MONDO:0008327,MONDO,EFO:0004235,exfoliation syndrome,mondo_release,mondo,,True,biolink:Disease,
MONDO:0002492,MONDO,MONDO:0002492,acute kidney injury,mondo_release,mondo,,True,biolink:Disease,
MONDO:0003453,MONDO,MONDO:0003453,conjunctival intraepithelial neoplasm,mondo_release,mondo,,True,biolink:Disease,
MONDO:0001627,MONDO,MONDO:0001627,dementia,mondo_release,mondo,,True,biolink:Disease,
MONDO:0002358,MONDO,MONDO:0002358,laryngeal carcinoma,mondo_release,mondo,,True,biolink:Disease,
MONDO:0000432,MONDO,MONDO:0000432,lymphoplasmacytic lymphoma,mondo_release,mondo,,True,biolink:Disease,
MONDO:0020804,MONDO,EFO:0004193,basal cell carcinoma,mondo_release,mondo,,True,biolink:Disease,
MONDO:0019917,MONDO,MONDO:0019917,maternal uniparental disomy of chromosome 20,mondo_release,mondo,,True,biolink:Disease,
MONDO:0009685,MONDO,MONDO:0009685,Miyoshi myopathy,mondo_release,mondo,,True,biolink:Disease,
MONDO:0003009,MONDO,EFO:0009452,hyperaldosteronism,mondo_release,mondo,,True,biolink:Disease,
MONDO:0002616,MONDO,MONDO:0002616,mesenchymal cell neoplasm,mondo_release,mondo,,True,biolink:Disease,
MONDO:0021192,MONDO,MONDO:0021192,odontogenic neoplasm,mondo_release,mondo,,True,biolink:Disease,
MONDO:0005354,MONDO,EFO:0004220,chronic hepatitis C virus infection,mondo_release,mondo,,True,biolink:Disease,
MONDO:0008038,MONDO,MONDO:0008038,ataxia-pancytopenia syndrome,mondo_release,mondo,,True,biolink:Disease,
MONDO:0000490,MONDO,MONDO:0000490,glomerulosclerosis,mondo_release,mondo,,True,biolink:Disease,
MONDO:0002480,MONDO,MONDO:0002480,endometrioid tumor,mondo_release,mondo,,True,biolink:Disease,
MONDO:0000771,MONDO,MONDO:0000771,allergic respiratory disease,mondo_release,mondo,,True,biolink:Disease,
MONDO:0007481,MONDO,MONDO:0007481,Leri-Weill dyschondrosteosis,mondo_release,mondo,,True,biolink:Disease,
MONDO:0019933,MONDO,EFO:1001485,acromegaly,mondo_release,mondo,,True,biolink:Disease,
MONDO:0016006,MONDO,MONDO:0016006,Cockayne syndrome,mondo_release,mondo,,True,biolink:Disease,
MONDO:0015760,MONDO,MONDO:0015760,T-cell non-Hodgkin lymphoma,mondo_release,mondo,,True,biolink:Disease,
MONDO:0004471,MONDO,EFO:1001351,bacterial arthritis,mondo_release,mondo,,True,biolink:Disease,
MONDO:0002525,MONDO,MONDO:0002525,inherited lipid metabolism disorder,mondo_release,mondo,,True,biolink:Disease,
MONDO:0001572,MONDO,MONDO:0001572,leiomyoma,mondo_release,mondo,,True,biolink:Disease,
MONDO:0006632,MONDO,EFO:1000789,"osteoarthritis, hand",mondo_release,mondo,,True,biolink:Disease,
MONDO:0005192,MONDO,EFO:0002618,exocrine pancreatic carcinoma,mondo_release,mondo,,True,biolink:Disease,
MONDO:0015925,MONDO,EFO:0004244,interstitial lung disease,mondo_release,mondo,,True,biolink:Disease,
MONDO:0021248,MONDO,MONDO:0021248,nervous system neoplasm,mondo_release,mondo,,True,biolink:Disease,
MONDO:0007795,MONDO,MONDO:0007795,mullerian duct anomalies-limb anomalies syndrome,mondo_release,mondo,,True,biolink:Disease,
MONDO:0005184,MONDO,MONDO:0005184,pancreatic ductal adenocarcinoma,mondo_release,mondo,,True,biolink:Disease,
MONDO:0018746,MONDO,EFO:1000680,mucous membrane pemphigoid,mondo_release,mondo,,True,biolink:Disease,
MONDO:0010293,MONDO,Orphanet:98813,ectodermal dysplasia and immune deficiency,mondo_release,mondo,,True,biolink:Disease,
MONDO:0800373,MONDO,MONDO:0800373,carbon monoxide poisoning,mondo_release,mondo,,True,biolink:Disease,
MONDO:0030307,MONDO,MONDO:0030307,spermatogenic failure 55,mondo_release,mondo,,True,biolink:Disease,
MONDO:0008734,MONDO,MONDO:0008734,"adrenocortical carcinoma, hereditary",mondo_release,mondo,,True,biolink:Disease,
MONDO:0013372,MONDO,MONDO:0013372,long QT syndrome 5,mondo_release,mondo,,True,biolink:Disease,
MONDO:0009833,MONDO,MONDO:0009833,Shwachman-Diamond syndrome,mondo_release,mondo,,True,biolink:Disease,
MONDO:0006377,MONDO,EFO:1000483,pleural biphasic mesothelioma,mondo_release,mondo,,True,biolink:Disease,
MONDO:0010726,MONDO,MONDO:0010726,Rett syndrome,mondo_release,mondo,,True,biolink:Disease,
MONDO:0004975,MONDO,MONDO:0004975,Alzheimer disease,mondo_release,mondo,,True,biolink:Disease,
MONDO:0007309,MONDO,MONDO:0007309,Charcot-Marie-Tooth disease type 1A,mondo_release,mondo,,True,biolink:Disease,
MONDO:0019696,MONDO,MONDO:0019696,acromesomelic dysplasia,mondo_release,mondo,,True,biolink:Disease,
MONDO:0004184,MONDO,EFO:0009689,urethral disorder,mondo_release,mondo,,True,biolink:Disease,
MONDO:0015974,MONDO,MONDO:0015974,severe combined immunodeficiency,mondo_release,mondo,,True,biolink:Disease,
MONDO:0800043,MONDO,MONDO:0800043,Stüve-Wiedemann syndrome 1,mondo_release,mondo,,True,biolink:Disease,
MONDO:0024575,MONDO,EFO:0009682,pregnancy disorder,mondo_release,mondo,,True,biolink:Disease,
MONDO:0013459,MONDO,MONDO:0013459,osteogenesis imperfecta type 10,mondo_release,mondo,,True,biolink:Disease,
MONDO:0020689,MONDO,EFO:0002608,AIDS dementia complex,mondo_release,mondo,,True,biolink:Disease,
MONDO:0007739,MONDO,MONDO:0007739,Huntington disease,mondo_release,mondo,,True,biolink:Disease,
MONDO:0019772,MONDO,MONDO:0019772,blepharospasm-oromandibular dystonia syndrome,mondo_release,mondo,,True,biolink:Disease,
MONDO:0010421,MONDO,Orphanet:47,Bruton-type agammaglobulinemia,mondo_release,mondo,,True,biolink:Disease,
MONDO:0005556,MONDO,EFO:0005761,lupus nephritis,mondo_release,mondo,,True,biolink:Disease,
MONDO:0006861,MONDO,EFO:1001052,myeloid sarcoma,mondo_release,mondo,,True,biolink:Disease,
MONDO:0002814,MONDO,MONDO:0002814,adrenal carcinoma,mondo_release,mondo,,True,biolink:Disease,
MONDO:0024465,MONDO,MONDO:0024465,"surfactant metabolism dysfunction, pulmonary, 2",mondo_release,mondo,,True,biolink:Disease,
MONDO:0043905,MONDO,EFO:1001991,pneumonitis,mondo_release,mondo,,True,biolink:Disease,
MONDO:0005072,MONDO,EFO:0000621,neuroblastoma,mondo_release,mondo,,True,biolink:Disease,
MONDO:0019004,MONDO,Orphanet:654,kidney Wilms tumor,mondo_release,mondo,,True,biolink:Disease,
MONDO:8000015,MONDO,Orphanet:983,"46,XY sex reversal 11",mondo_release,mondo,,True,biolink:Disease,
MONDO:0005180,MONDO,MONDO:0005180,Parkinson disease,mondo_release,mondo,,True,biolink:Disease,
MONDO:0029000,MONDO,EFO:0008546,poisoning,mondo_release,mondo,,True,biolink:Disease,
MONDO:0009571,MONDO,MONDO:0009571,"Meckel syndrome, type 1",mondo_release,mondo,,True,biolink:Disease,
MONDO:0011962,MONDO,MONDO:0011962,endometrial cancer,mondo_release,mondo,,True,biolink:Disease,
MONDO:0000491,MONDO,MONDO:0000491,limb ischemia,mondo_release,mondo,,True,biolink:Disease,
MONDO:0006292,MONDO,EFO:1000355,malignant mesothelioma,mondo_release,mondo,,True,biolink:Disease,
MONDO:0006249,MONDO,EFO:1000299,hyperplastic polyp,mondo_release,mondo,,True,biolink:Disease,
MONDO:0002635,MONDO,MONDO:0002635,periodontal disorder,mondo_release,mondo,,True,biolink:Disease,
MONDO:0020488,MONDO,Orphanet:99750,atypical progressive supranuclear palsy syndrome,mondo_release,mondo,,True,biolink:Disease,
MONDO:0011849,MONDO,EFO:0003778,psoriatic arthritis,mondo_release,mondo,,True,biolink:Disease,
MONDO:0011385,MONDO,EFO:0004994,intervertebral disk degenerative disorder,mondo_release,mondo,,True,biolink:Disease,
MONDO:0021211,MONDO,EFO:0003833,brain neoplasm,mondo_release,mondo,,True,biolink:Disease,
MONDO:0015912,MONDO,EFO:0009646,macrothrombocytopenia and granulocyte inclusions with or without nephritis or sensorineural hearing loss,mondo_release,mondo,,True,biolink:Disease,
MONDO:0018310,MONDO,EFO:1000318,Langerhans cell histiocytosis,mondo_release,mondo,,True,biolink:Disease,
MONDO:0005381,MONDO,EFO:0004260,bone disorder,mondo_release,mondo,,True,biolink:Disease,
MONDO:0018908,MONDO,EFO:0005952,non-Hodgkin lymphoma,mondo_release,mondo,,True,biolink:Disease,
MONDO:0005151,MONDO,EFO:0001379,endocrine system disorder,mondo_release,mondo,,True,biolink:Disease,
MONDO:0009975,MONDO,EFO:0005287,reticulum cell sarcoma,mondo_release,mondo,,True,biolink:Disease,
MONDO:0007056,MONDO,MONDO:0007056,acroosteolysis,mondo_release,mondo,,True,biolink:Disease,
MONDO:0000552,MONDO,EFO:0008509,breast lobular carcinoma,mondo_release,mondo,,True,biolink:Disease,
MONDO:0012923,MONDO,MONDO:0012923,congenital generalized lipodystrophy type 3,mondo_release,mondo,,True,biolink:Disease,
MONDO:0024291,MONDO,EFO:0006888,vascular malformation,mondo_release,mondo,,True,biolink:Disease,
MONDO:0017123,MONDO,Orphanet:2697,arthrogryposis-renal dysfunction-cholestasis syndrome,mondo_release,mondo,,True,biolink:Disease,
MONDO:0008714,MONDO,Orphanet:1788,acrofacial dysostosis Rodriguez type,mondo_release,mondo,,True,biolink:Disease,
MONDO:0018321,MONDO,MONDO:0018321,atypical juvenile parkinsonism,mondo_release,mondo,,True,biolink:Disease,
MONDO:0005076,MONDO,EFO:0000649,periodontitis,mondo_release,mondo,,True,biolink:Disease,
MONDO:0002253,MONDO,MONDO:0002253,spondylosis,mondo_release,mondo,,True,biolink:Disease,
MONDO:0013279,MONDO,MONDO:0013279,long QT syndrome 13,mondo_release,mondo,,True,biolink:Disease,
MONDO:0013318,MONDO,MONDO:0013318,early repolarization associated with ventricular fibrillation,mondo_release,mondo,,True,biolink:Disease,
MONDO:0015746,MONDO,MONDO:0015746,male infertility due to globozoospermia,mondo_release,mondo,,True,biolink:Disease,
MONDO:0011448,MONDO,MONDO:0011448,PPARG-related familial partial lipodystrophy,mondo_release,mondo,,True,biolink:Disease,
MONDO:0019439,MONDO,MONDO:0019439,AA amyloidosis,mondo_release,mondo,,True,biolink:Disease,
MONDO:0021118,MONDO,MONDO:0021118,intestinal neoplasm,mondo_release,mondo,,True,biolink:Disease,
MONDO:0005404,MONDO,EFO:0004540,myalgic encephalomeyelitis/chronic fatigue syndrome,mondo_release,mondo,,True,biolink:Disease,
MONDO:0004977,MONDO,EFO:0000255,angioimmunoblastic T-cell lymphoma,mondo_release,mondo,,True,biolink:Disease,
MONDO:0008476,MONDO,MONDO:0008476,"spondyloepimetaphyseal dysplasia, Strudwick type",mondo_release,mondo,,True,biolink:Disease,
MONDO:0009797,MONDO,Orphanet:30,orotic aciduria,mondo_release,mondo,,True,biolink:Disease,
MONDO:0002183,MONDO,EFO:0009666,enthesopathy,mondo_release,mondo,,True,biolink:Disease,
MONDO:0008963,MONDO,Orphanet:167,Chediak-Higashi syndrome,mondo_release,mondo,,True,biolink:Disease,
MONDO:0004781,MONDO,EFO:0008583,acute myocardial infarction,mondo_release,mondo,,True,biolink:Disease,
MONDO:0033622,MONDO,MONDO:0033622,spermatogenic failure 44,mondo_release,mondo,,True,biolink:Disease,
MONDO:0005081,MONDO,EFO:0000668,preeclampsia,mondo_release,mondo,,True,biolink:Disease,
MONDO:0002050,MONDO,MONDO:0002050,depressive disorder,mondo_release,mondo,,True,biolink:Disease,
MONDO:0006216,MONDO,EFO:1000263,gallbladder adenoma,mondo_release,mondo,,True,biolink:Disease,
MONDO:0007047,MONDO,EFO:1000758,punctate palmoplantar keratoderma type III,mondo_release,mondo,,True,biolink:Disease,
MONDO:0043479,MONDO,MONDO:0043479,adenoviridae infectious disease,mondo_release,mondo,,True,biolink:Disease,
MONDO:0005525,MONDO,EFO:0005592,T-cell leukemia,mondo_release,mondo,,True,biolink:Disease,
MONDO:0020066,MONDO,MONDO:0020066,Ehlers-Danlos syndrome,mondo_release,mondo,,True,biolink:Disease,
MONDO:0009491,MONDO,MONDO:0009491,Haim-Munk syndrome,mondo_release,mondo,,True,biolink:Disease,
MONDO:0009480,MONDO,MONDO:0009480,Joubert syndrome with oculorenal defect,mondo_release,mondo,,True,biolink:Disease,
MONDO:0008977,MONDO,EFO:0000333,chondrosarcoma,mondo_release,mondo,,True,biolink:Disease,
MONDO:0030996,MONDO,MONDO:0030996,"bleeding disorder, platelet-type, 24",mondo_release,mondo,,True,biolink:Disease,
MONDO:0000082,MONDO,EFO:0004710,pelvic organ prolapse,mondo_release,mondo,,True,biolink:Disease,
MONDO:0957809,MONDO,MONDO:0957809,"neutropenia, severe congenital, 10, autosomal recessive",mondo_release,mondo,,True,biolink:Disease,
MONDO:0009925,MONDO,Orphanet:758,autosomal recessive inherited pseudoxanthoma elasticum,mondo_release,mondo,,True,biolink:Disease,
MONDO:0005468,MONDO,EFO:0005251,hypotensive disorder,mondo_release,mondo,,True,biolink:Disease,
MONDO:0030925,MONDO,MONDO:0030925,oocyte maturation defect 10,mondo_release,mondo,,True,biolink:Disease,
MONDO:0005376,MONDO,EFO:0004254,membranous glomerulonephritis,mondo_release,mondo,,True,biolink:Disease,
MONDO:0002305,MONDO,EFO:0009315,thrombophilia,mondo_release,mondo,,True,biolink:Disease,
MONDO:0005099,MONDO,EFO:0000713,subarachnoid hemorrhage,mondo_release,mondo,,True,biolink:Disease,
MONDO:0013044,MONDO,MONDO:0013044,atypical hemolytic-uremic syndrome with thrombomodulin anomaly,mondo_release,mondo,,True,biolink:Disease,
MONDO:0017413,MONDO,MONDO:0017413,Reunion island Larsen syndrome,mondo_release,mondo,,True,biolink:Disease,
MONDO:0033673,MONDO,MONDO:0033673,spermatogenic failure 46,mondo_release,mondo,,True,biolink:Disease,
MONDO:0005373,MONDO,EFO:0004249,meningococcal infection,mondo_release,mondo,,True,biolink:Disease,
MONDO:0005052,MONDO,EFO:0000555,irritable bowel syndrome,mondo_release,mondo,,True,biolink:Disease,
MONDO:0009735,MONDO,MONDO:0009735,Netherton syndrome,mondo_release,mondo,,True,biolink:Disease,
MONDO:0005154,MONDO,EFO:0001421,liver disorder,mondo_release,mondo,,True,biolink:Disease,
MONDO:0018237,MONDO,MONDO:0018237,acrofacial dysostosis,mondo_release,mondo,,True,biolink:Disease,
MONDO:0005350,MONDO,EFO:0004214,abdominal aortic aneurysm,mondo_release,mondo,,True,biolink:Disease,
MONDO:0006394,MONDO,EFO:1000504,rectal tubular adenoma,mondo_release,mondo,,True,biolink:Disease,
MONDO:0015524,MONDO,MONDO:0015524,hyperplastic polyposis syndrome,mondo_release,mondo,,True,biolink:Disease,
MONDO:0008708,MONDO,MONDO:0008708,acrocallosal syndrome,mondo_release,mondo,,True,biolink:Disease,
MONDO:0859522,MONDO,MONDO:0859522,spermatogenic failure 81,mondo_release,mondo,,True,biolink:Disease,
MONDO:0004301,MONDO,MONDO:0004301,fibrosarcomatous osteosarcoma,mondo_release,mondo,,True,biolink:Disease,
MONDO:0100147,MONDO,MONDO:0100147,SATB2 associated disorder,mondo_release,mondo,,True,biolink:Disease,
MONDO:0021187,MONDO,MONDO:0021187,hyperlipidemia,mondo_release,mondo,,True,biolink:Disease,
MONDO:0004180,MONDO,MONDO:0004180,benign urinary system neoplasm,mondo_release,mondo,,True,biolink:Disease,
MONDO:0011128,MONDO,MONDO:0011128,Sheldon-hall syndrome,mondo_release,mondo,,True,biolink:Disease,
MONDO:0012859,MONDO,MONDO:0012859,autosomal recessive osteopetrosis 7,mondo_release,mondo,,True,biolink:Disease,
MONDO:0018338,MONDO,MONDO:0018338,activated PI3K-delta syndrome,mondo_release,mondo,,True,biolink:Disease,
MONDO:0004651,MONDO,MONDO:0004651,smallpox,mondo_release,mondo,,True,biolink:Disease,
MONDO:0020336,MONDO,MONDO:0020336,autosomal dominant Emery-Dreifuss muscular dystrophy,mondo_release,mondo,,True,biolink:Disease,
MONDO:0014804,MONDO,MONDO:0014804,sideroblastic anemia 3,mondo_release,mondo,,True,biolink:Disease,
MONDO:0003519,MONDO,MONDO:0003519,malignant syringoma,mondo_release,mondo,,True,biolink:Disease,
MONDO:0005036,MONDO,EFO:0000503,gastric adenocarcinoma,mondo_release,mondo,,True,biolink:Disease,
MONDO:0022529,MONDO,MONDO:0022529,BK-virus nephropathy,mondo_release,mondo,,True,biolink:Disease,
MONDO:0019391,MONDO,MONDO:0019391,Fanconi anemia,mondo_release,mondo,,True,biolink:Disease,
MONDO:0012657,MONDO,MONDO:0012657,Mungan syndrome,mondo_release,mondo,,True,biolink:Disease,
MONDO:0001291,MONDO,MONDO:0001291,brain compression,mondo_release,mondo,,True,biolink:Disease,
MONDO:0010997,MONDO,MONDO:0010997,"supranuclear palsy, progressive, 1",mondo_release,mondo,,True,biolink:Disease,
MONDO:0005550,MONDO,EFO:0005741,infectious disease,mondo_release,mondo,,True,biolink:Disease,
MONDO:0004952,MONDO,EFO:0000183,Hodgkins lymphoma,mondo_release,mondo,,True,biolink:Disease,
MONDO:0005345,MONDO,EFO:0004209,hypospadias,mondo_release,mondo,,True,biolink:Disease,
MONDO:0005132,MONDO,EFO:0001062,cytomegalovirus infection,mondo_release,mondo,,True,biolink:Disease,
MONDO:0030506,MONDO,MONDO:0030506,ovarian dysgenesis 9,mondo_release,mondo,,True,biolink:Disease,
MONDO:0021945,MONDO,MONDO:0021945,hearing disorder,mondo_release,mondo,,True,biolink:Disease,
MONDO:0010580,MONDO,MONDO:0010580,immune dysregulation-polyendocrinopathy-enteropathy-X-linked syndrome,mondo_release,mondo,,True,biolink:Disease,
MONDO:0006181,MONDO,EFO:1000218,digestive system carcinoma,mondo_release,mondo,,True,biolink:Disease,
MONDO:0011182,MONDO,MONDO:0011182,trimethylaminuria,mondo_release,mondo,,True,biolink:Disease,
MONDO:0010302,MONDO,MONDO:0010302,Ito hypomelanosis,mondo_release,mondo,,True,biolink:Disease,
MONDO:0009852,MONDO,Orphanet:332,hereditary intrinsic factor deficiency,mondo_release,mondo,,True,biolink:Disease,
MONDO:0019454,MONDO,EFO:0003811,myelodysplastic syndrome with excess blasts,mondo_release,mondo,,True,biolink:Disease,
MONDO:0006314,MONDO,EFO:1000391,nasal cavity polyp,mondo_release,mondo,,True,biolink:Disease,
MONDO:0001889,MONDO,EFO:0009003,ovarian dysfunction,mondo_release,mondo,,True,biolink:Disease,
MONDO:0011717,MONDO,MONDO:0011717,hyperinsulinism-hyperammonemia syndrome,mondo_release,mondo,,True,biolink:Disease,
MONDO:0004737,MONDO,MONDO:0004737,homocystinuria,mondo_release,mondo,,True,biolink:Disease,
MONDO:0015540,MONDO,MONDO:0015540,hemophagocytic syndrome,mondo_release,mondo,,True,biolink:Disease,
MONDO:0019472,MONDO,MONDO:0019472,extranodal nasal NK/T cell lymphoma,mondo_release,mondo,,True,biolink:Disease,
MONDO:0002041,MONDO,MONDO:0002041,fungal infectious disease,mondo_release,mondo,,True,biolink:Disease,
MONDO:0011988,MONDO,MONDO:0011988,neutrophil immunodeficiency syndrome,mondo_release,mondo,,True,biolink:Disease,
MONDO:0010444,MONDO,MONDO:0010444,X-linked dyserythropoetic anemia with abnormal platelets and neutropenia,mondo_release,mondo,,True,biolink:Disease,
MONDO:0006485,MONDO,EFO:1000613,uterine carcinosarcoma,mondo_release,mondo,,True,biolink:Disease,
EFO:0006890,EFO,EFO:0006890,fibrosis,ols4,efo,False,True,biolink:Disease,
EFO:1001461,EFO,EFO:1001461,endothelial dysfunction,ols4,efo,False,True,biolink:Disease,
EFO:0021901,EFO,EFO:0021901,cholesterol in large LDL measurement,ols4,efo,False,True,biolink:Disease,
EFO:0005140,EFO,EFO:0005140,obsolete_autoimmune disease,ols4,efo,True,True,biolink:Disease,
GO:0009410,GO,GO:0009410,response to xenobiotic stimulus,ols4,go,False,True,biolink:Disease,biolink:BiologicalProcessOrActivity
EFO:0022148,EFO,EFO:0022148,total lipids in small VLDL,ols4,efo,False,True,biolink:Disease,
EFO:0006335,EFO,EFO:0006335,systolic blood pressure,ols4,efo,False,True,biolink:Disease,
HP:0040187,HP,HP:0040187,Neonatal sepsis,ols4,hp,False,True,biolink:Disease,biolink:PhenotypicFeature
OBA:1000840,OBA,OBA:1000840,alcohol consumption quality,ols4,oba,False,True,biolink:Disease,biolink:PhenotypicFeature
HP:0001270,HP,HP:0001270,Motor delay,ols4,hp,False,True,biolink:Disease,biolink:PhenotypicFeature
HP:0002015,HP,HP:0002015,Dysphagia,ols4,hp,False,True,biolink:Disease,biolink:PhenotypicFeature
EFO:1001248,EFO,EFO:1001248,non-alcoholic fatty liver,ols4,efo,False,True,biolink:Disease,
EFO:0009765,EFO,EFO:0009765,alanine measurement,ols4,efo,False,True,biolink:Disease,
OBA:0003277,OBA,OBA:0003277,platelet volume,ols4,oba,False,True,biolink:Disease,biolink:PhenotypicFeature
EFO:0004995,EFO,EFO:0004995,lean body mass,ols4,efo,False,True,biolink:Disease,
EFO:0004530,EFO,EFO:0004530,triglyceride measurement,ols4,efo,False,True,biolink:Disease,
EFO:0020865,EFO,EFO:0020865,aortic measurement,ols4,efo,False,True,biolink:Disease,
HP:0001873,HP,HP:0001873,Thrombocytopenia,ols4,hp,False,True,biolink:Disease,biolink:PhenotypicFeature
EFO:0009085,EFO,EFO:0009085,arterial occlusive disease,ols4,efo,False,True,biolink:Disease,
EFO:0022237,EFO,EFO:0022237,cholesterol to total lipids in medium HDL percentage,ols4,efo,False,True,biolink:Disease,
EFO:0008572,EFO,EFO:0008572,malnutrition,ols4,efo,False,True,biolink:Disease,
OBA:2040561,OBA,OBA:2040561,"level of aldehyde dehydrogenase X, mitochondrial in blood serum",ols4,oba,False,True,biolink:Disease,biolink:PhenotypicFeature
EFO:0010134,EFO,EFO:0010134,kidney transplant,ols4,efo,False,True,biolink:Disease,
EFO:0009130,EFO,EFO:0009130,clostridium difficile infection,ols4,efo,False,True,biolink:Disease,
OBA:2042538,OBA,OBA:2042538,level of protein NDRG4 in blood serum,ols4,oba,False,True,biolink:Disease,biolink:PhenotypicFeature
EFO:0022317,EFO,EFO:0022317,triglycerides in HDL measurement,ols4,efo,False,True,biolink:Disease,
MONDO:0700044,MONDO,MONDO:0700044,obsolete TUBB2A-related tubulinopathy,ols4,mondo,True,True,biolink:Disease,
EFO:0007874,EFO,EFO:0007874,gut microbiome measurement,ols4,efo,False,True,biolink:Disease,
HP:0009726,HP,HP:0009726,Renal neoplasm,ols4,hp,False,True,biolink:Disease,biolink:PhenotypicFeature
HP:0002783,HP,HP:0002783,Recurrent lower respiratory tract infections,ols4,hp,False,True,biolink:Disease,biolink:PhenotypicFeature
EFO:0010702,EFO,EFO:0010702,opioid use disorder,ols4,efo,False,True,biolink:Disease,
OBA:VT0001253,OBA,OBA:VT0001253,body height,ols4,oba,False,True,biolink:Disease,biolink:PhenotypicFeature
EFO:0004517,EFO,EFO:0004517,arterial stiffness measurement,ols4,efo,False,True,biolink:Disease,
EFO:0002503,EFO,EFO:0002503,cardiac hypertrophy,ols4,efo,False,True,biolink:Disease,
EFO:0022254,EFO,EFO:0022254,cholesteryl esters to total lipids in small HDL percentage,ols4,efo,False,True,biolink:Disease,
EFO:0007986,EFO,EFO:0007986,reticulocyte count,ols4,efo,False,True,biolink:Disease,
HP:0003074,HP,HP:0003074,Hyperglycemia,ols4,hp,False,True,biolink:Disease,biolink:PhenotypicFeature
EFO:0005241,EFO,EFO:0005241,employment status,ols4,efo,False,True,biolink:Disease,
HP:0003073,HP,HP:0003073,Hypoalbuminemia,ols4,hp,False,True,biolink:Disease,biolink:PhenotypicFeature
HP:0011675,HP,HP:0011675,Arrhythmia,ols4,hp,False,True,biolink:Disease,biolink:PhenotypicFeature
EFO:0009860,EFO,EFO:0009860,chromosomal aberration frequency,ols4,efo,False,True,biolink:Disease,
EFO:0004468,EFO,EFO:0004468,glucose measurement,ols4,efo,False,True,biolink:Disease,
EFO:0022008,EFO,EFO:0022008,polyUbiquitin K63-linked measurement,ols4,efo,False,True,biolink:Disease,
OBA:VT0010046,OBA,OBA:VT0010046,fatty acid amount,ols4,oba,False,True,biolink:Disease,biolink:PhenotypicFeature
HP:0006536,HP,HP:0006536,Airway obstruction,ols4,hp,False,True,biolink:Disease,biolink:PhenotypicFeature
HP:0001397,HP,HP:0001397,Hepatic steatosis,ols4,hp,False,True,biolink:Disease,biolink:PhenotypicFeature
EFO:0801819,EFO,EFO:0801819,n-acetyltransferase 14 measurement,ols4,efo,False,True,biolink:Disease,
EFO:0000544,EFO,EFO:0000544,infection,ols4,efo,False,True,biolink:Disease,
OBA:2040646,OBA,OBA:2040646,level of arfaptin-1 in blood serum,ols4,oba,False,True,biolink:Disease,biolink:PhenotypicFeature
HP:0001952,HP,HP:0001952,Glucose intolerance,ols4,hp,False,True,biolink:Disease,biolink:PhenotypicFeature
EFO:0600064,EFO,EFO:0600064,serum lipopolysaccharide activity,ols4,efo,False,True,biolink:Disease,
EFO:0004541,EFO,EFO:0004541,HbA1c measurement,ols4,efo,False,True,biolink:Disease,
EFO:0007800,EFO,EFO:0007800,body fat percentage,ols4,efo,False,True,biolink:Disease,
EFO:0009946,EFO,EFO:0009946,low density lipoprotein triglyceride measurement,ols4,efo,False,True,biolink:Disease,
EFO:0010968,EFO,EFO:0010968,phosphate measurement,ols4,efo,False,True,biolink:Disease,
HP:0010992,HP,HP:0010992,Stress urinary incontinence,ols4,hp,False,True,biolink:Disease,biolink:PhenotypicFeature
EFO:1001436,EFO,EFO:1001436,thyroid nodule,ols4,efo,False,True,biolink:Disease,
EFO:0000556,EFO,EFO:0000556,ischemia,ols4,efo,False,True,biolink:Disease,
EFO:0011052,EFO,EFO:0011052,hepatotoxicity,ols4,efo,False,True,biolink:Disease,
EFO:0803548,EFO,EFO:0803548,neutrophil measurement,ols4,efo,False,True,biolink:Disease,
HP:0000356,HP,HP:0000356,Abnormality of the outer ear,ols4,hp,False,True,biolink:Disease,biolink:PhenotypicFeature
EFO:0001063,EFO,EFO:0001063,deafness,ols4,efo,False,True,biolink:Disease,
OBA:2050096,OBA,OBA:2050096,serum creatinine amount,ols4,oba,False,True,biolink:Disease,biolink:PhenotypicFeature
EFO:0009589,EFO,EFO:0009589,worry measurement,ols4,efo,False,True,biolink:Disease,
OBA:2041840,OBA,OBA:2041840,level of hemoglobin subunit delta in blood serum,ols4,oba,False,True,biolink:Disease,biolink:PhenotypicFeature
EFO:0004528,EFO,EFO:0004528,mean corpuscular hemoglobin concentration,ols4,efo,False,True,biolink:Disease,
HP:0002135,HP,HP:0002135,Basal ganglia calcification,ols4,hp,False,True,biolink:Disease,biolink:PhenotypicFeature
EFO:0008527,EFO,EFO:0008527,steatosis,ols4,efo,False,True,biolink:Disease,
EFO:0022236,EFO,EFO:0022236,cholesterol to total lipids in large VLDL percentage,ols4,efo,False,True,biolink:Disease,
OBA:2045223,OBA,OBA:2045223,myeloid leukocyte count,ols4,oba,False,True,biolink:Disease,biolink:PhenotypicFeature
EFO:1001904,EFO,EFO:1001904,oral mucositis,ols4,efo,False,True,biolink:Disease,
HP:0001732,HP,HP:0001732,Abnormality of the pancreas,ols4,hp,False,True,biolink:Disease,biolink:PhenotypicFeature
EFO:0007834,EFO,EFO:0007834,liver dysplastic nodule,ols4,efo,False,True,biolink:Disease,
EFO:0009594,EFO,EFO:0009594,irritability measurement,ols4,efo,False,True,biolink:Disease,
OBA:VT0000047,OBA,OBA:VT0000047,head circumference,ols4,oba,False,True,biolink:Disease,biolink:PhenotypicFeature
EFO:1001326,EFO,EFO:1001326,Flavivirus Infections,ols4,efo,False,True,biolink:Disease,
OBA:VT0000217,OBA,OBA:VT0000217,leukocyte quantity,ols4,oba,False,True,biolink:Disease,biolink:PhenotypicFeature
EFO:1001836,EFO,EFO:1001836,pyogenic liver abscess,ols4,efo,False,True,biolink:Disease,
OBA:VT0015043,OBA,OBA:VT0015043,milk amount,ols4,oba,False,True,biolink:Disease,biolink:PhenotypicFeature
EFO:0004340,EFO,EFO:0004340,body mass index,ols4,efo,False,True,biolink:Disease,
EFO:0004305,EFO,EFO:0004305,erythrocyte count,ols4,efo,False,True,biolink:Disease,
HP:0002032,HP,HP:0002032,Esophageal atresia,ols4,hp,False,True,biolink:Disease,biolink:PhenotypicFeature
Orphanet:169446,Orphanet,Orphanet:169446,Autosomal recessive hyper-IgE syndrome,ols4,efo,False,True,biolink:Disease,
EFO:0009805,EFO,EFO:0009805,whole body water mass,ols4,efo,False,True,biolink:Disease,
EFO:0006566,EFO,EFO:0006566,dysplastic oral keratinocyte,ols4,efo,False,True,biolink:Disease,
EFO:0002616,EFO,EFO:0002616,macroglobulinemia,ols4,efo,False,True,biolink:Disease,
EFO:0006340,EFO,EFO:0006340,mean arterial pressure,ols4,efo,False,True,biolink:Disease,
EFO:0007990,EFO,EFO:0007990,neutrophil percentage of leukocytes,ols4,efo,False,True,biolink:Disease,
HP:0012115,HP,HP:0012115,Hepatitis,ols4,hp,False,True,biolink:Disease,biolink:PhenotypicFeature
OBA:VT0005416,OBA,OBA:VT0005416,blood protein amount,ols4,oba,False,True,biolink:Disease,biolink:PhenotypicFeature
OBA:2050062,OBA,OBA:2050062,serum alanine aminotransferase amount,ols4,oba,False,True,biolink:Disease,biolink:PhenotypicFeature
EFO:0009708,EFO,EFO:0009708,metastasis,ols4,efo,False,True,biolink:Disease,
HP:0100582,HP,HP:0100582,Nasal polyposis,ols4,hp,False,True,biolink:Disease,biolink:PhenotypicFeature
OBA:0004528,OBA,OBA:0004528,fat pad mass,ols4,oba,False,True,biolink:Disease,biolink:PhenotypicFeature
HP:0040270,HP,HP:0040270,Impaired glucose tolerance,ols4,hp,False,True,biolink:Disease,biolink:PhenotypicFeature
EFO:0004509,EFO,EFO:0004509,hemoglobin measurement,ols4,efo,False,True,biolink:Disease,
EFO:0007540,EFO,EFO:0007540,animal viral hepatitis,ols4,efo,False,True,biolink:Disease,
EFO:0801555,EFO,EFO:0801555,E3 ubiquitin-protein ligase RNF128 measurement,ols4,efo,False,True,biolink:Disease,
EFO:0022337,EFO,EFO:0022337,triglycerides to total lipids in small LDL percentage,ols4,efo,False,True,biolink:Disease,
EFO:1001927,EFO,EFO:1001927,cutaneous squamous cell carcinoma,ols4,efo,False,True,biolink:Disease,
EFO:0009071,EFO,EFO:0009071,"obsolete_malignant hyperthermia, susceptibility to, 1",ols4,efo,True,True,biolink:Disease,
HP:0000739,HP,HP:0000739,Anxiety,ols4,hp,False,True,biolink:Disease,biolink:PhenotypicFeature
EFO:0004462,EFO,EFO:0004462,PR interval,ols4,efo,False,True,biolink:Disease,
EFO:0007456,EFO,EFO:0007456,pseudomyxoma peritonei,ols4,efo,False,True,biolink:Disease,
EFO:0006834,EFO,EFO:0006834,septic shock,ols4,efo,False,True,biolink:Disease,
EFO:0003762,EFO,EFO:0003762,vitamin D deficiency,ols4,efo,False,True,biolink:Disease,
HP:0001250,HP,HP:0001250,Seizure,ols4,hp,False,True,biolink:Disease,biolink:PhenotypicFeature
EFO:0004346,EFO,EFO:0004346,neuroimaging measurement,ols4,efo,False,True,biolink:Disease,
EFO:0005802,EFO,EFO:0005802,cartilage disease,ols4,efo,False,True,biolink:Disease,
EFO:1000636,EFO,EFO:1000636,inflammatory skin disease,ols4,efo,False,True,biolink:Disease,
EFO:0022145,EFO,EFO:0022145,triglycerides in small VLDL measurement,ols4,efo,False,True,biolink:Disease,
EFO:0021897,EFO,EFO:0021897,apolipoprotein B to apolipoprotein A1 ratio,ols4,efo,False,True,biolink:Disease,
EFO:0010266,EFO,EFO:0010266,Charcot-Marie-Tooth disease type 1G,ols4,efo,False,True,biolink:Disease,
OBA:2043190,OBA,OBA:2043190,level of Ran-specific GTPase-activating protein in blood serum,ols4,oba,False,True,biolink:Disease,biolink:PhenotypicFeature
EFO:0803382,EFO,EFO:0803382,perivascular space measurement,ols4,efo,False,True,biolink:Disease,
EFO:0022238,EFO,EFO:0022238,cholesterol to total lipids in medium LDL percentage,ols4,efo,False,True,biolink:Disease,
HP:0001300,HP,HP:0001300,Parkinsonism,ols4,hp,False,True,biolink:Disease,biolink:PhenotypicFeature
HP:0001822,HP,HP:0001822,Hallux valgus,ols4,hp,False,True,biolink:Disease,biolink:PhenotypicFeature
HP:0002315,HP,HP:0002315,Headache,ols4,hp,False,True,biolink:Disease,biolink:PhenotypicFeature
HP:0003040,HP,HP:0003040,Arthropathy,ols4,hp,False,True,biolink:Disease,biolink:PhenotypicFeature
EFO:0010681,EFO,EFO:0010681,ileostomy,ols4,efo,False,True,biolink:Disease,
EFO:0801229,EFO,EFO:0801229,oral microbiome measurement,ols4,efo,False,True,biolink:Disease,
HP:0100543,HP,HP:0100543,Cognitive impairment,ols4,hp,False,True,biolink:Disease,biolink:PhenotypicFeature
EFO:0022293,EFO,EFO:0022293,phospholipids in HDL measurement,ols4,efo,False,True,biolink:Disease,
EFO:0022335,EFO,EFO:0022335,triglycerides to total lipids in medium VLDL percentage,ols4,efo,False,True,biolink:Disease,
HP:0000855,HP,HP:0000855,Insulin resistance,ols4,hp,False,True,biolink:Disease,biolink:PhenotypicFeature
HP:0003419,HP,HP:0003419,Low back pain,ols4,hp,False,True,biolink:Disease,biolink:PhenotypicFeature
EFO:0006527,EFO,EFO:0006527,smoking status measurement,ols4,efo,False,True,biolink:Disease,
EFO:0004138,EFO,EFO:0004138,bundle branch block,ols4,efo,False,True,biolink:Disease,
EFO:0800672,EFO,EFO:0800672,fibrinopeptide A measurement,ols4,efo,False,True,biolink:Disease,
EFO:0022280,EFO,EFO:0022280,free cholesterol to total lipids in large LDL percentage,ols4,efo,False,True,biolink:Disease,
EFO:0009842,EFO,EFO:0009842,respiratory depression,ols4,efo,False,True,biolink:Disease,
EFO:0009518,EFO,EFO:0009518,complication,ols4,efo,False,True,biolink:Disease,
MP:0001845,MP,MP:0001845,abnormal inflammatory response,ols4,mp,False,True,biolink:Disease,biolink:PhenotypicFeature
EFO:0004784,EFO,EFO:0004784,self reported educational attainment,ols4,efo,False,True,biolink:Disease,
EFO:0008591,EFO,EFO:0008591,free cholesterol measurement,ols4,efo,False,True,biolink:Disease,
EFO:0009756,EFO,EFO:0009756,autoimmune type 1 diabetes,ols4,efo,False,True,biolink:Disease,
EFO:0022173,EFO,EFO:0022173,concentration of large VLDL particles measurement,ols4,efo,False,True,biolink:Disease,
EFO:1001514,EFO,EFO:1001514,endometrial endometrioid carcinoma,ols4,efo,False,True,biolink:Disease,
EFO:0004533,EFO,EFO:0004533,alkaline phosphatase measurement,ols4,efo,False,True,biolink:Disease,
EFO:0004527,EFO,EFO:0004527,mean corpuscular hemoglobin,ols4,efo,False,True,biolink:Disease,
EFO:0009373,EFO,EFO:0009373,edema,ols4,efo,False,True,biolink:Disease,
EFO:0004875,EFO,EFO:0004875,mathematical ability,ols4,efo,False,True,biolink:Disease,
HP:0010783,HP,HP:0010783,Erythema,ols4,hp,False,True,biolink:Disease,biolink:PhenotypicFeature
OBA:2041267,OBA,OBA:2041267,level of beta-defensin 104 in blood serum,ols4,oba,False,True,biolink:Disease,biolink:PhenotypicFeature
EFO:0009614,EFO,EFO:0009614,clavicle fracture,ols4,efo,False,True,biolink:Disease,
EFO:0700022,EFO,EFO:0700022,obsolete_lysosomal acid lipase deficiency,ols4,efo,True,True,biolink:Disease,
HP:0001394,HP,HP:0001394,Cirrhosis,ols4,hp,False,True,biolink:Disease,biolink:PhenotypicFeature
EFO:0009964,EFO,EFO:0009964,bipolar II disorder,ols4,efo,False,True,biolink:Disease,
HP:0005359,HP,HP:0005359,Aplasia of the thymus,ols4,hp,False,True,biolink:Disease,biolink:PhenotypicFeature
EFO:0022233,EFO,EFO:0022233,cholesterol to total lipids in IDL percentage,ols4,efo,False,True,biolink:Disease,
EFO:0008511,EFO,EFO:0008511,metopic craniosynostosis,ols4,efo,False,True,biolink:Disease,
HP:0002119,HP,HP:0002119,Ventriculomegaly,ols4,hp,False,True,biolink:Disease,biolink:PhenotypicFeature
EFO:1001129,EFO,EFO:1001129,obsolete_proliferative vitreoretinopathy,ols4,efo,True,True,biolink:Disease,
EFO:0004335,EFO,EFO:0004335,short-term memory,ols4,efo,False,True,biolink:Disease,
EFO:0004612,EFO,EFO:0004612,high density lipoprotein cholesterol measurement,ols4,efo,False,True,biolink:Disease,
HP:0040223,HP,HP:0040223,Pulmonary hemorrhage,ols4,hp,False,True,biolink:Disease,biolink:PhenotypicFeature
EFO:1001418,EFO,EFO:1001418,Salmonella Infections,ols4,efo,False,True,biolink:Disease,
HP:0000975,HP,HP:0000975,Hyperhidrosis,ols4,hp,False,True,biolink:Disease,biolink:PhenotypicFeature
EFO:0009429,EFO,EFO:0009429,Mycobacterium infection,ols4,efo,False,True,biolink:Disease,
Orphanet:91088,Orphanet,Orphanet:91088,Other metabolic disease,ols4,ordo,False,True,biolink:Disease,
EFO:0007944,EFO,EFO:0007944,allergen exposure measurement,ols4,efo,False,True,biolink:Disease,
OBA:2044852,OBA,OBA:2044852,level of UPF0235 protein C15orf40 in blood serum,ols4,oba,False,True,biolink:Disease,biolink:PhenotypicFeature
EFO:0010925,EFO,EFO:0010925,protein S100-A12 measurement,ols4,efo,False,True,biolink:Disease,
HP:0012207,HP,HP:0012207,Reduced sperm motility,ols4,hp,False,True,biolink:Disease,biolink:PhenotypicFeature
EFO:0700134,EFO,EFO:0700134,obsolete_resistance to thyroid hormone due to a mutation in thyroid hormone receptor beta,ols4,efo,True,True,biolink:Disease,
EFO:0004833,EFO,EFO:0004833,neutrophil count,ols4,efo,False,True,biolink:Disease,
OBA:2050068,OBA,OBA:2050068,serum albumin amount,ols4,oba,False,True,biolink:Disease,biolink:PhenotypicFeature
Orphanet:183539,Orphanet,Orphanet:183539,Genetic renal or urinary tract malformation,ols4,ordo,False,True,biolink:Disease,
EFO:1000653,EFO,EFO:1000653,sarcopenia,ols4,efo,False,True,biolink:Disease,
EFO:0010922,EFO,EFO:0010922,P-selectin glycoprotein ligand 1 measurement,ols4,efo,False,True,biolink:Disease,
OBA:0004561,OBA,OBA:0004561,blood osmolality,ols4,oba,False,True,biolink:Disease,biolink:PhenotypicFeature
EFO:0004587,EFO,EFO:0004587,lymphocyte count,ols4,efo,False,True,biolink:Disease,
EFO:0006922,EFO,EFO:0006922,delivery measurement,ols4,efo,False,True,biolink:Disease,
EFO:0004980,EFO,EFO:0004980,appendicular lean mass,ols4,efo,False,True,biolink:Disease,
EFO:1001516,EFO,EFO:1001516,ovarian serous carcinoma,ols4,efo,False,True,biolink:Disease,
HP:0012393,HP,HP:0012393,Allergy,ols4,hp,False,True,biolink:Disease,biolink:PhenotypicFeature
EFO:0009706,EFO,EFO:0009706,latent autoimmune diabetes in adults,ols4,efo,False,True,biolink:Disease,
EFO:0004348,EFO,EFO:0004348,hematocrit,ols4,efo,False,True,biolink:Disease,
EFO:0007991,EFO,EFO:0007991,eosinophil percentage of leukocytes,ols4,efo,False,True,biolink:Disease,
HP:0004418,HP,HP:0004418,Thrombophlebitis,ols4,hp,False,True,biolink:Disease,biolink:PhenotypicFeature
HP:0005180,HP,HP:0005180,Tricuspid regurgitation,ols4,hp,False,True,biolink:Disease,biolink:PhenotypicFeature
HP:0031678,HP,HP:0031678,Atherosclerotic lesion,ols4,hp,False,True,biolink:Disease,biolink:PhenotypicFeature
HP:0001643,HP,HP:0001643,Patent ductus arteriosus,ols4,hp,False,True,biolink:Disease,biolink:PhenotypicFeature
EFO:0010369,EFO,EFO:0010369,lysophosphatidylethanolamine 18:2 measurement,ols4,efo,False,True,biolink:Disease,
EFO:0008501,EFO,EFO:0008501,dysplasia,ols4,efo,False,True,biolink:Disease,
HP:0002411,HP,HP:0002411,Myokymia,ols4,hp,False,True,biolink:Disease,biolink:PhenotypicFeature
EFO:0003959,EFO,EFO:0003959,cleft lip,ols4,efo,False,True,biolink:Disease,
HP:0011451,HP,HP:0011451,Primary microcephaly,ols4,hp,False,True,biolink:Disease,biolink:PhenotypicFeature
EFO:1000965,EFO,EFO:1000965,Henoch-Schoenlein purpura,ols4,efo,False,True,biolink:Disease,
HP:0012758,HP,HP:0012758,Neurodevelopmental delay,ols4,hp,False,True,biolink:Disease,biolink:PhenotypicFeature
Orphanet:404469,Orphanet,Orphanet:404469,Rare female infertility due to oocyte maturation defect,ols4,ordo,False,True,biolink:Disease,
EFO:0022267,EFO,EFO:0022267,free cholesterol in medium HDL measurement,ols4,efo,False,True,biolink:Disease,
EFO:0009458,EFO,EFO:0009458,alcohol use disorder measurement,ols4,efo,False,True,biolink:Disease,
EFO:0010270,EFO,EFO:0010270,Menstrual disorder,ols4,efo,False,True,biolink:Disease,
HP:0005528,HP,HP:0005528,Bone marrow hypocellularity,ols4,hp,False,True,biolink:Disease,biolink:PhenotypicFeature
HP:0010976,HP,HP:0010976,Decreased total B cell count,ols4,hp,False,True,biolink:Disease,biolink:PhenotypicFeature
HP:0001520,HP,HP:0001520,Large for gestational age,ols4,hp,False,True,biolink:Disease,biolink:PhenotypicFeature
HP:0003489,HP,HP:0003489,Acute episodes of neuropathic symptoms,ols4,hp,False,True,biolink:Disease,biolink:PhenotypicFeature
OBA:2045206,OBA,OBA:2045206,level of serum globulin type protein,ols4,oba,False,True,biolink:Disease,biolink:PhenotypicFeature
HP:0100806,HP,HP:0100806,Sepsis,ols4,hp,False,True,biolink:Disease,biolink:PhenotypicFeature
EFO:0004696,EFO,EFO:0004696,sex hormone-binding globulin measurement,ols4,efo,False,True,biolink:Disease,
EFO:0004842,EFO,EFO:0004842,eosinophil count,ols4,efo,False,True,biolink:Disease,
EFO:1001494,EFO,EFO:1001494,psoriasis vulgaris,ols4,efo,False,True,biolink:Disease,
HP:0001268,HP,HP:0001268,Mental deterioration,ols4,hp,False,True,biolink:Disease,biolink:PhenotypicFeature
EFO:0020685,EFO,EFO:0020685,protein nov homolog measurement,ols4,efo,False,True,biolink:Disease,
OBA:VT0005265,OBA,OBA:VT0005265,blood urea nitrogen amount,ols4,oba,False,True,biolink:Disease,biolink:PhenotypicFeature
HP:0004398,HP,HP:0004398,Peptic ulcer,ols4,hp,False,True,biolink:Disease,biolink:PhenotypicFeature
EFO:0022159,EFO,EFO:0022159,cholesteryl esters in large HDL measurement,ols4,efo,False,True,biolink:Disease,
EFO:0011057,EFO,EFO:0011057,neurotoxicity,ols4,efo,False,True,biolink:Disease,
HP:0002075,HP,HP:0002075,Dysdiadochokinesis,ols4,hp,False,True,biolink:Disease,biolink:PhenotypicFeature
EFO:0010351,EFO,EFO:0010351,cholesteryl ester measurement,ols4,efo,False,True,biolink:Disease,
EFO:0004725,EFO,EFO:0004725,metabolite measurement,ols4,efo,False,True,biolink:Disease,
EFO:0020921,EFO,EFO:0020921,hemorrhagic stroke,ols4,efo,False,True,biolink:Disease,
EFO:0000719,EFO,EFO:0000719,temporal measurement,ols4,efo,False,True,biolink:Disease,
EFO:0022258,EFO,EFO:0022258,cholesteryl esters to total lipids in very large VLDL percentage,ols4,efo,False,True,biolink:Disease,
EFO:0011011,EFO,EFO:0011011,sitting height measurement,ols4,efo,False,True,biolink:Disease,
HP:0005268,HP,HP:0005268,Miscarriage,ols4,hp,False,True,biolink:Disease,biolink:PhenotypicFeature
EFO:0007985,EFO,EFO:0007985,platelet crit,ols4,efo,False,True,biolink:Disease,
EFO:0004309,EFO,EFO:0004309,platelet count,ols4,efo,False,True,biolink:Disease,
OBA:2042371,OBA,OBA:2042371,level of MIT domain-containing protein 1 in blood serum,ols4,oba,False,True,biolink:Disease,biolink:PhenotypicFeature
HP:0001395,HP,HP:0001395,Hepatic fibrosis,ols4,hp,False,True,biolink:Disease,biolink:PhenotypicFeature
HP:0000539,HP,HP:0000539,Abnormality of refraction,ols4,hp,False,True,biolink:Disease,biolink:PhenotypicFeature
EFO:0022322,EFO,EFO:0022322,triglycerides in medium LDL measurement,ols4,efo,False,True,biolink:Disease,
EFO:0022265,EFO,EFO:0022265,free cholesterol in large VLDL measurement,ols4,efo,False,True,biolink:Disease,
HP:0000112,HP,HP:0000112,Nephropathy,ols4,hp,False,True,biolink:Disease,biolink:PhenotypicFeature
HP:0002202,HP,HP:0002202,Pleural effusion,ols4,hp,False,True,biolink:Disease,biolink:PhenotypicFeature
EFO:0006807,EFO,EFO:0006807,linoleic acid measurement,ols4,efo,False,True,biolink:Disease,
EFO:0920022,EFO,EFO:0920022,cholesteryl esters in HDL measurement,ols4,efo,False,True,biolink:Disease,
HP:0002960,HP,HP:0002960,Autoimmunity,ols4,hp,False,True,biolink:Disease,biolink:PhenotypicFeature
EFO:0008569,EFO,EFO:0008569,Thiamine deficiency,ols4,efo,False,True,biolink:Disease,
EFO:0009188,EFO,EFO:0009188,Red cell distribution width,ols4,efo,False,True,biolink:Disease,
EFO:1001955,EFO,EFO:1001955,erythroleukemia,ols4,efo,False,True,biolink:Disease,
HP:0002721,HP,HP:0002721,Immunodeficiency,ols4,hp,False,True,biolink:Disease,biolink:PhenotypicFeature
HP:0011947,HP,HP:0011947,Respiratory tract infection,ols4,hp,False,True,biolink:Disease,biolink:PhenotypicFeature
OBA:0003747,OBA,OBA:0003747,glomerular filtration rate,ols4,oba,False,True,biolink:Disease,biolink:PhenotypicFeature
OBA:1000110,OBA,OBA:1000110,bone tissue density,ols4,oba,False,True,biolink:Disease,biolink:PhenotypicFeature
EFO:0000195,EFO,EFO:0000195,metabolic syndrome,ols4,efo,False,True,biolink:Disease,
HP:0100660,HP,HP:0100660,Dyskinesia,ols4,hp,False,True,biolink:Disease,biolink:PhenotypicFeature
EFO:0005689,EFO,EFO:0005689,non-high density lipoprotein cholesterol measurement,ols4,efo,False,True,biolink:Disease,
EFO:0005106,EFO,EFO:0005106,body composition measurement,ols4,efo,False,True,biolink:Disease,
EFO:1001491,EFO,EFO:1001491,abortion,ols4,efo,False,True,biolink:Disease,
HP:0001987,HP,HP:0001987,Hyperammonemia,ols4,hp,False,True,biolink:Disease,biolink:PhenotypicFeature
EFO:0008496,EFO,EFO:0008496,chronic hepatitis,ols4,efo,False,True,biolink:Disease,
OBA:2050065,OBA,OBA:2050065,serum urea amount,ols4,oba,False,True,biolink:Disease,biolink:PhenotypicFeature
EFO:0007789,EFO,EFO:0007789,BMI-adjusted waist circumference,ols4,efo,False,True,biolink:Disease,
EFO:0022160,EFO,EFO:0022160,concentration of large LDL particles measurement,ols4,efo,False,True,biolink:Disease,
OBA:2041446,OBA,OBA:2041446,level of eukaryotic translation initiation factor 3 subunit B in blood serum,ols4,oba,False,True,biolink:Disease,biolink:PhenotypicFeature
EFO:1001471,EFO,EFO:1001471,Merkel cell skin cancer,ols4,efo,False,True,biolink:Disease,
HP:0100526,HP,HP:0100526,Neoplasm of the lung,ols4,hp,False,True,biolink:Disease,biolink:PhenotypicFeature
EFO:0009885,EFO,EFO:0009885,frailty measurement,ols4,efo,False,True,biolink:Disease,
OBA:2045560,OBA,OBA:2045560,amount of iron in brain,ols4,oba,False,True,biolink:Disease,biolink:PhenotypicFeature
EFO:0006336,EFO,EFO:0006336,diastolic blood pressure,ols4,efo,False,True,biolink:Disease,
EFO:0022157,EFO,EFO:0022157,free cholesterol in large HDL measurement,ols4,efo,False,True,biolink:Disease,
HP:0000842,HP,HP:0000842,Hyperinsulinemia,ols4,hp,False,True,biolink:Disease,biolink:PhenotypicFeature
EFO:0021900,EFO,EFO:0021900,cholesterol in large HDL measurement,ols4,efo,False,True,biolink:Disease,
EFO:0022296,EFO,EFO:0022296,phospholipids in small HDL measurement,ols4,efo,False,True,biolink:Disease,
EFO:0009622,EFO,EFO:0009622,fracture of pelvis,ols4,efo,False,True,biolink:Disease,
HP:0002242,HP,HP:0002242,Abnormal intestine morphology,ols4,hp,False,True,biolink:Disease,biolink:PhenotypicFeature
EFO:0800337,EFO,EFO:0800337,N-oleoyltaurine measurement,ols4,efo,False,True,biolink:Disease,
HP:0001667,HP,HP:0001667,Right ventricular hypertrophy,ols4,hp,False,True,biolink:Disease,biolink:PhenotypicFeature
EFO:0004312,EFO,EFO:0004312,vital capacity,ols4,efo,False,True,biolink:Disease,
EFO:0920024,EFO,EFO:0920024,cholesteryl esters in very large VLDL measurement,ols4,efo,False,True,biolink:Disease,
EFO:0010623,EFO,EFO:0010623,tissue factor measurement,ols4,efo,False,True,biolink:Disease,
EFO:0009783,EFO,EFO:0009783,carotid atherosclerosis,ols4,efo,False,True,biolink:Disease,
EFO:0006835,EFO,EFO:0006835,pyoderma gangrenosum,ols4,efo,False,True,biolink:Disease,
EFO:0022154,EFO,EFO:0022154,phospholipids in medium VLDL measurement,ols4,efo,False,True,biolink:Disease,
EFO:0004838,EFO,EFO:0004838,calcium measurement,ols4,efo,False,True,biolink:Disease,
EFO:0022326,EFO,EFO:0022326,triglycerides in VLDL measurement,ols4,efo,False,True,biolink:Disease,
HP:0012531,HP,HP:0012531,Pain,ols4,hp,False,True,biolink:Disease,biolink:PhenotypicFeature
EFO:0000551,EFO,EFO:0000551,intracranial hemorrhage,ols4,efo,False,True,biolink:Disease,
HP:0001410,HP,HP:0001410,Decreased liver function,ols4,hp,False,True,biolink:Disease,biolink:PhenotypicFeature
HP:0032252,HP,HP:0032252,Granuloma,ols4,hp,False,True,biolink:Disease,biolink:PhenotypicFeature
